IdAlumno,Prediccion,Edad,Genero,Distrito,Provincia,Departamento,FamiliarResponsable,CantParcialesDesaprobados,CantFinalesDesaprobados,ExcedeNotasDesaprobadasNoParcNoFin,ExcedeMitadCursosDesaprobados,GrupoEdad,ExcedePagosAtrasados,TipoColegio,Desercion
100004070,0,17.0,F,VILLA EL SALVADOR,LIMA,LIMA,Apoderado,0,0,SI,NO,MenosDe18,1.0,PUBL,0
100008630,0,16.0,F,ATE,LIMA,LIMA,Apoderado,0,0,NO,NO,MenosDe18,1.0,PRIV,0
100009785,1,16.0,F,CHORRILLOS,LIMA,LIMA,Apoderado,2,1,NO,SI,MenosDe18,1.0,PRIV,0
100011191,1,17.0,F,COMAS,LIMA,LIMA,Apoderado,6,6,SI,NO,MenosDe18,0.0,PUBL,1
100012563,0,16.0,F,COMAS,LIMA,LIMA,Apoderado,0,0,NO,NO,MenosDe18,0.0,PRIV,1
100014106,1,17.0,F,CHORRILLOS,LIMA,LIMA,Apoderado,1,1,NO,SI,MenosDe18,1.0,PRIV,1
100014115,0,16.0,F,COMAS,LIMA,LIMA,Apoderado,2,0,NO,NO,MenosDe18,0.0,PRIV,1
100014891,1,17.0,F,COMAS,LIMA,LIMA,Apoderado,2,4,NO,SI,MenosDe18,,PRIV,0
100015358,0,17.0,F,ATE,LIMA,LIMA,Apoderado,1,0,NO,NO,MenosDe18,1.0,PRIV,0
100015416,0,16.0,F,ATE,LIMA,LIMA,Apoderado,0,0,NO,NO,MenosDe18,0.0,PRIV,1
100016426,0,16.0,F,COMAS,LIMA,LIMA,Apoderado,0,0,NO,NO,MenosDe18,,PRIV,1
100017913,1,17.0,F,ATE,LIMA,LIMA,Apoderado,2,1,NO,NO,MenosDe18,1.0,PRIV,0
100021732,1,17.0,F,SAN MARTÍN DE PORRES,LIMA,LIMA,Apoderado,6,8,SI,SI,MenosDe18,0.0,PRIV,1
100024002,1,16.0,F,CHORRILLOS,LIMA,LIMA,Apoderado,1,1,NO,SI,MenosDe18,0.0,PUBL,0
100024123,0,16.0,F,VILLA EL SALVADOR,LIMA,LIMA,Apoderado,0,0,NO,NO,MenosDe18,,PUBL,1
100024623,0,23.0,M,COMAS,LIMA ,LIMA,Alumno,3,0,NO,NO,Entre18y25,0.0,PRIV,0
100025749,1,17.0,F,VILLA EL SALVADOR,LIMA,LIMA,Apoderado,1,0,NO,SI,MenosDe18,1.0,PRIV,1
100026766,0,17.0,F,SAN MARTÍN DE PORRES,LIMA,LIMA,Apoderado,1,2,NO,NO,MenosDe18,0.0,PRIV,0
100027031,0,16.0,F,SAN MARTÍN DE PORRES,LIMA,LIMA,Apoderado,8,4,SI,NO,MenosDe18,1.0,PRIV,0
100030823,0,17.0,F,VILLA EL SALVADOR,LIMA,LIMA,Apoderado,2,0,NO,NO,MenosDe18,0.0,PRIV,0
100030843,0,25.0,F,VILLA EL SALVADOR,LIMA ,LIMA,Alumno,3,0,SI,NO,Mayor25,1.0,PRIV,0
100031294,1,17.0,F,ATE,LIMA,LIMA,Apoderado,0,12,SI,NO,MenosDe18,0.0,PRIV,0
100031503,1,16.0,F,VILLA EL SALVADOR,LIMA,LIMA,Apoderado,1,1,NO,SI,MenosDe18,0.0,PRIV,1
100032772,0,17.0,F,CHORRILLOS,LIMA,LIMA,Apoderado,4,4,NO,NO,MenosDe18,0.0,PRIV,0
100033304,0,17.0,F,CHORRILLOS,LIMA,LIMA,Apoderado,4,4,NO,NO,MenosDe18,1.0,PRIV,0
100033523,1,16.0,F,CHORRILLOS,LIMA,LIMA,Apoderado,4,8,NO,NO,MenosDe18,1.0,PRIV,0
100036604,0,16.0,F,SAN MARTÍN DE PORRES,LIMA,LIMA,Apoderado,0,0,NO,NO,MenosDe18,0.0,PRIV,0
100037324,0,16.0,F,CHORRILLOS,LIMA,LIMA,Apoderado,0,0,NO,NO,MenosDe18,0.0,PRIV,0
100038194,0,16.0,F,ATE,LIMA,LIMA,Apoderado,0,0,NO,NO,MenosDe18,0.0,PRIV,1
100038291,1,17.0,F,SAN MARTÍN DE PORRES,LIMA,LIMA,Apoderado,1,1,NO,SI,MenosDe18,0.0,PRIV,1
100038477,1,16.0,F,VILLA EL SALVADOR,LIMA,LIMA,Apoderado,4,3,NO,SI,MenosDe18,0.0,PRIV,1
100039069,1,16.0,F,COMAS,LIMA,LIMA,Apoderado,6,6,SI,NO,MenosDe18,1.0,PRIV,1
100040096,0,16.0,F,VILLA EL SALVADOR,LIMA,LIMA,Apoderado,4,4,SI,NO,MenosDe18,0.0,PRIV,1
100043620,0,22.0,F,VILLA EL SALVADOR,LIMA ,LIMA,Alumno,3,0,NO,NO,Entre18y25,1.0,PRIV,0
100044949,1,17.0,F,SAN MARTÍN DE PORRES,LIMA,LIMA,Apoderado,2,1,NO,SI,MenosDe18,1.0,PRIV,1
100045880,0,17.0,F,SAN MARTÍN DE PORRES,LIMA,LIMA,Apoderado,0,0,NO,NO,MenosDe18,0.0,PRIV,0
100046375,0,17.0,F,COMAS,LIMA,LIMA,Apoderado,1,0,NO,NO,MenosDe18,0.0,PRIV,0
100046948,0,16.0,F,ATE,LIMA,LIMA,Apoderado,0,2,NO,NO,MenosDe18,0.0,PRIV,1
100048427,0,21.0,F,SANTA ANITA,LIMA ,LIMA,Alumno,2,6,SI,SI,Entre18y25,1.0,PRIV,0
100049023,1,16.0,F,SAN MARTÍN DE PORRES,LIMA,LIMA,Apoderado,10,10,SI,SI,MenosDe18,0.0,PRIV,1
100049065,1,16.0,F,SAN MARTÍN DE PORRES,LIMA,LIMA,Apoderado,1,1,NO,SI,MenosDe18,1.0,PRIV,1
100049302,0,25.0,F,VILLA EL SALVADOR,LIMA ,LIMA,Alumno,3,3,SI,NO,Mayor25,1.0,PRIV,0
100049521,1,16.0,F,ATE,LIMA,LIMA,Apoderado,12,6,SI,NO,MenosDe18,0.0,PRIV,0
100052309,1,16.0,F,ATE,LIMA,LIMA,Apoderado,9,9,SI,NO,MenosDe18,1.0,PRIV,0
100052672,1,17.0,F,SAN MARTÍN DE PORRES,LIMA,LIMA,Apoderado,3,3,NO,SI,MenosDe18,0.0,PRIV,1
100052849,1,22.0,F,LURIN,LIMA ,LIMA,Alumno,6,9,SI,NO,Entre18y25,0.0,PRIV,1
100054023,0,16.0,F,ATE,LIMA,LIMA,Apoderado,3,3,SI,NO,MenosDe18,0.0,PRIV,0
100054706,0,21.0,M,LURIN,LIMA ,LIMA,Alumno,4,4,SI,NO,Entre18y25,1.0,PRIV,0
100055822,1,17.0,F,ATE,LIMA,LIMA,Apoderado,6,6,SI,NO,MenosDe18,0.0,PRIV,0
100058226,1,17.0,F,COMAS,LIMA,LIMA,Apoderado,2,1,NO,NO,MenosDe18,0.0,PRIV,1
100058546,0,35.0,F,SAN JUAN DE MIRAFLORES,LIMA ,LIMA,Alumno,2,0,NO,NO,Mayor25,0.0,PRIV,1
100061434,0,23.0,F,LURIGANCHO,LIMA ,LIMA,Alumno,0,0,NO,NO,Entre18y25,0.0,PRIV,0
100062727,0,21.0,M,LIMA,LIMA ,LIMA,Alumno,0,0,NO,NO,Entre18y25,0.0,PRIV,0
100064955,0,16.0,F,COMAS,LIMA,LIMA,Apoderado,0,0,NO,NO,MenosDe18,0.0,PRIV,0
100066329,0,17.0,F,SAN MARTÍN DE PORRES,LIMA,LIMA,Apoderado,1,0,NO,NO,MenosDe18,1.0,PRIV,0
100066715,1,16.0,F,CHORRILLOS,LIMA,LIMA,Apoderado,1,1,NO,SI,MenosDe18,1.0,PRIV,1
100066790,1,16.0,F,ATE,LIMA,LIMA,Apoderado,6,10,SI,SI,MenosDe18,,PRIV,1
100066834,1,16.0,F,COMAS,LIMA,LIMA,Apoderado,4,6,SI,NO,MenosDe18,0.0,PRIV,1
100067739,1,16.0,F,ATE,LIMA,LIMA,Apoderado,6,6,SI,SI,MenosDe18,1.0,PUBL,1
100068185,0,17.0,F,COMAS,LIMA,LIMA,Apoderado,0,0,NO,NO,MenosDe18,1.0,PRIV,0
100069525,0,21.0,F,COMAS,LIMA ,LIMA,Alumno,3,0,NO,NO,Entre18y25,0.0,PRIV,1
100069595,1,17.0,F,CHORRILLOS,LIMA,LIMA,Apoderado,1,1,NO,SI,MenosDe18,1.0,PRIV,1
100071228,0,17.0,F,VILLA EL SALVADOR,LIMA,LIMA,Apoderado,0,0,NO,NO,MenosDe18,,PRIV,0
100071256,1,17.0,F,SAN MARTÍN DE PORRES,LIMA,LIMA,Apoderado,9,12,SI,SI,MenosDe18,1.0,PRIV,0
100071311,1,17.0,F,SAN MARTÍN DE PORRES,LIMA,LIMA,Apoderado,5,5,SI,NO,MenosDe18,0.0,PRIV,1
100071709,0,17.0,F,VILLA EL SALVADOR,LIMA,LIMA,Apoderado,2,2,SI,NO,MenosDe18,0.0,PRIV,0
100071855,0,17.0,F,CHORRILLOS,LIMA,LIMA,Apoderado,0,0,NO,NO,MenosDe18,1.0,PRIV,1
100071865,0,16.0,F,COMAS,LIMA,LIMA,Apoderado,0,0,NO,NO,MenosDe18,1.0,PRIV,1
100071896,1,16.0,F,COMAS,LIMA,LIMA,Apoderado,10,20,SI,NO,MenosDe18,0.0,PRIV,1
100071958,1,16.0,F,VILLA EL SALVADOR,LIMA,LIMA,Apoderado,4,4,SI,SI,MenosDe18,0.0,PRIV,0
100071960,0,17.0,M,CHORRILLOS,LIMA,LIMA,Apoderado,4,4,NO,NO,MenosDe18,1.0,PRIV,1
100072226,0,17.0,M,COMAS,LIMA,LIMA,Apoderado,0,0,NO,NO,MenosDe18,0.0,PRIV,0
100072406,1,21.0,M,CHORRILLOS,LIMA ,LIMA,Alumno,4,8,SI,NO,Entre18y25,1.0,PRIV,1
100073148,1,24.0,F,COMAS,LIMA ,LIMA,Alumno,9,9,SI,SI,Entre18y25,0.0,PRIV,1
100073490,0,16.0,M,ATE,LIMA,LIMA,Apoderado,4,4,SI,NO,MenosDe18,0.0,PRIV,0
100073659,1,17.0,M,ATE,LIMA,LIMA,Apoderado,0,1,NO,SI,MenosDe18,1.0,PRIV,1
100074184,0,22.0,F,ATE,LIMA ,LIMA,Alumno,6,0,NO,NO,Entre18y25,0.0,PRIV,1
100074235,0,16.0,M,VILLA EL SALVADOR,LIMA,LIMA,Apoderado,0,0,NO,NO,MenosDe18,0.0,PRIV,1
100074272,0,17.0,M,CHORRILLOS,LIMA,LIMA,Apoderado,3,3,NO,NO,MenosDe18,0.0,PRIV,0
100074341,1,16.0,M,SAN MARTÍN DE PORRES,LIMA,LIMA,Apoderado,3,4,SI,SI,MenosDe18,0.0,PRIV,1
100074544,0,16.0,M,CHORRILLOS,LIMA,LIMA,Apoderado,2,0,NO,NO,MenosDe18,1.0,PRIV,0
100074885,0,21.0,F,BREÑA,LIMA ,LIMA,Alumno,0,2,SI,NO,Entre18y25,0.0,PRIV,0
100074909,0,16.0,M,VILLA EL SALVADOR,LIMA,LIMA,Apoderado,3,3,SI,NO,MenosDe18,0.0,PRIV,0
100074969,0,19.0,F,LIMA,LIMA ,LIMA,Alumno,0,2,NO,NO,Entre18y25,0.0,PRIV,0
100075046,1,16.0,M,ATE,LIMA,LIMA,Apoderado,9,6,SI,NO,MenosDe18,0.0,PRIV,1
100075500,0,17.0,M,SAN MARTÍN DE PORRES,LIMA,LIMA,Apoderado,2,0,NO,NO,MenosDe18,1.0,PUBL,0
100075570,1,16.0,M,VILLA EL SALVADOR,LIMA,LIMA,Apoderado,3,6,NO,NO,MenosDe18,0.0,PRIV,1
100075887,0,16.0,M,COMAS,LIMA,LIMA,Apoderado,0,0,NO,NO,MenosDe18,0.0,PRIV,1
100076263,1,17.0,M,VILLA EL SALVADOR,LIMA,LIMA,Apoderado,21,21,SI,SI,MenosDe18,1.0,PRIV,1
100077716,1,16.0,M,CHORRILLOS,LIMA,LIMA,Apoderado,4,4,SI,SI,MenosDe18,0.0,PUBL,0
100079320,0,19.0,F,SAN MARTÍN DE PORRES,LIMA ,LIMA,Alumno,0,0,NO,NO,Entre18y25,0.0,PUBL,0
100081258,1,19.0,M,CHORRILLOS,LIMA ,LIMA,Madre,9,6,SI,NO,Entre18y25,0.0,PRIV,1
100082545,0,22.0,F,VILLA EL SALVADOR,LIMA ,LIMA,Alumno,6,3,SI,NO,Entre18y25,0.0,PUBL,0
100082856,1,22.0,M,CARABAYLLO,LIMA ,LIMA,Alumno,15,12,SI,NO,Entre18y25,0.0,PRIV,1
100083239,0,25.0,F,ATE,LIMA ,LIMA,Alumno,4,4,SI,NO,Mayor25,1.0,PRIV,1
100083430,1,29.0,F,VILLA MARÍA DEL TRIUNFO,LIMA ,LIMA,Padre,6,9,SI,SI,Mayor25,1.0,PRIV,1
100083946,1,31.0,F,SAN MARTÍN DE PORRES,LIMA ,LIMA,Alumno,6,6,NO,NO,Mayor25,0.0,PRIV,1
100084156,0,23.0,F,SAN LUIS,LIMA ,LIMA,Alumno,1,0,NO,NO,Entre18y25,1.0,PRIV,0
100086971,1,21.0,M,SAN JUAN DE MIRAFLORES,LIMA ,LIMA,Alumno,6,12,SI,NO,Entre18y25,1.0,PRIV,1
100087536,1,19.0,M,ATE,LIMA ,LIMA,Padre,9,9,SI,NO,Entre18y25,0.0,PRIV,0
100087582,1,19.0,F,LURIN,LIMA ,LIMA,Madre,6,6,SI,SI,Entre18y25,0.0,PRIV,1
100087692,0,19.0,F,SANTIAGO DE SURCO,LIMA ,LIMA,Madre,0,0,NO,NO,Entre18y25,0.0,PUBL,0
100087974,0,20.0,F,LURIN,LIMA ,LIMA,Madre,0,2,NO,NO,Entre18y25,0.0,PRIV,0
100088957,0,19.0,F,ATE,LIMA ,LIMA,Madre,3,4,SI,SI,Entre18y25,0.0,PUBL,1
100089197,0,20.0,F,ATE,LIMA ,LIMA,Alumno,2,0,NO,NO,Entre18y25,0.0,PRIV,0
100089261,0,19.0,F,SANTA ANITA,LIMA ,LIMA,Madre,4,2,NO,NO,Entre18y25,0.0,PRIV,0
100089870,1,19.0,F,PICHARI,LA CONVENCIÓN,CUSCO,Padre,0,0,NO,NO,Entre18y25,0.0,PUBL,1
100090856,0,20.0,F,COMAS,LIMA ,LIMA,Madre,4,2,NO,NO,Entre18y25,1.0,PRIV,0
100091327,0,20.0,F,ATE,LIMA ,LIMA,Madre,0,0,NO,NO,Entre18y25,0.0,PUBL,0
100092237,0,25.0,F,EL AGUSTINO,LIMA ,LIMA,Alumno,6,3,NO,NO,Mayor25,0.0,PRIV,0
100093123,0,20.0,F,VILLA EL SALVADOR,LIMA ,LIMA,Madre,0,0,NO,NO,Entre18y25,0.0,PRIV,0
100093607,0,21.0,F,PUCUSANA,LIMA ,LIMA,Alumno,9,6,SI,NO,Entre18y25,1.0,PRIV,1
100094420,1,21.0,M,CHACLACAYO,LIMA ,LIMA,Alumno,12,9,SI,NO,Entre18y25,1.0,PRIV,1
100094644,1,26.0,M,SAN MARTÍN DE PORRES,LIMA ,LIMA,Alumno,3,12,SI,NO,Mayor25,0.0,PRIV,1
100096364,0,25.0,F,PUNTA NEGRA,LIMA ,LIMA,Alumno,0,0,NO,NO,Mayor25,0.0,PRIV,1
100097038,0,19.0,F,VILLA EL SALVADOR,LIMA ,LIMA,Madre,0,0,NO,NO,Entre18y25,0.0,PRIV,0
100099154,0,19.0,F,ATE,LIMA ,LIMA,Madre,0,8,SI,NO,Entre18y25,1.0,PUBL,0
100100533,0,20.0,M,CHORRILLOS,LIMA ,LIMA,Padre,3,6,NO,NO,Entre18y25,0.0,PUBL,1
100100534,1,22.0,F,LOS OLIVOS,LIMA ,LIMA,Alumno,18,18,SI,SI,Entre18y25,0.0,PUBL,1
100100748,0,18.0,F,SAN JUAN DE MIRAFLORES,LIMA ,LIMA,Madre,3,3,NO,NO,MenosDe18,0.0,PUBL,0
100102185,0,19.0,F,SANTIAGO DE SURCO,LIMA ,LIMA,Padre,0,0,SI,NO,Entre18y25,0.0,PUBL,0
100102191,0,28.0,F,LURIGANCHO,LIMA ,LIMA,Alumno,0,3,NO,NO,Mayor25,1.0,PRIV,0
100102592,0,18.0,F,VILLA EL SALVADOR,LIMA ,LIMA,Apoderado,3,3,SI,NO,MenosDe18,0.0,PUBL,0
100102962,0,23.0,M,PACHACAMAC,LIMA ,LIMA,Alumno,0,6,NO,NO,Entre18y25,0.0,PUBL,0
100103028,1,18.0,F,COMAS,LIMA ,LIMA,Apoderado,9,12,SI,NO,MenosDe18,1.0,PUBL,1
100103043,0,20.0,F,LOS OLIVOS,LIMA ,LIMA,Alumno,5,10,SI,NO,Entre18y25,0.0,PUBL,0
100103276,1,19.0,M,SAN JUAN DE MIRAFLORES,LIMA ,LIMA,Alumno,15,9,SI,NO,Entre18y25,0.0,PUBL,0
100103510,0,20.0,M,SAN BORJA,LIMA ,LIMA,Apoderado,6,0,SI,NO,Entre18y25,0.0,PUBL,0
100105868,0,19.0,F,SANTIAGO DE SURCO,LIMA ,LIMA,Madre,0,0,NO,NO,Entre18y25,0.0,PUBL,0
100108050,1,19.0,F,LOS OLIVOS,LIMA ,LIMA,Madre,6,9,SI,SI,Entre18y25,0.0,PUBL,0
100108084,0,23.0,M,VILLA MARÍA DEL TRIUNFO,LIMA ,LIMA,Alumno,3,0,NO,NO,Entre18y25,0.0,PUBL,1
100109689,0,18.0,F,CERRO AZUL,CAÑETE ,LIMA,Apoderado,0,0,NO,NO,MenosDe18,0.0,PUBL,0
100109751,0,18.0,M,LOS OLIVOS,LIMA ,LIMA,Padre,2,2,SI,NO,MenosDe18,0.0,PUBL,0
100110264,1,26.0,F,VILLA EL SALVADOR,LIMA ,LIMA,Alumno,12,6,SI,NO,Mayor25,0.0,PUBL,0
100111098,0,19.0,M,SANTIAGO DE SURCO,LIMA ,LIMA,Alumno,0,2,NO,NO,Entre18y25,0.0,PRIV,0
100111504,0,19.0,F,VILLA MARÍA DEL TRIUNFO,LIMA ,LIMA,Madre,0,0,NO,NO,Entre18y25,0.0,PUBL,0
100111560,0,20.0,M,INDEPENDENCIA,LIMA ,LIMA,Alumno,0,0,SI,NO,Entre18y25,0.0,PUBL,1
100111720,0,18.0,F,LOS OLIVOS,LIMA ,LIMA,Madre,0,0,NO,NO,MenosDe18,0.0,PRIV,1
100112611,0,20.0,F,ATE,LIMA ,LIMA,Alumno,2,0,NO,NO,Entre18y25,0.0,PRIV,0
100112675,0,18.0,F,VILLA EL SALVADOR,LIMA ,LIMA,Padre,3,0,NO,NO,MenosDe18,1.0,PRIV,1
100113497,1,26.0,F,LURIGANCHO,LIMA ,LIMA,Alumno,18,18,SI,SI,Mayor25,0.0,PUBL,1
100115260,1,22.0,F,PACHACAMAC,LIMA ,LIMA,Alumno,12,9,SI,NO,Entre18y25,,PUBL,1
100115453,1,19.0,F,SAN JUAN DE MIRAFLORES,LIMA ,LIMA,Madre,9,9,SI,NO,Entre18y25,0.0,PUBL,0
100116638,0,19.0,F,CALLAO,PROV. CONST. DEL CALLAO,CALLAO,Madre,0,0,NO,NO,Entre18y25,0.0,PUBL,0
100116798,0,19.0,F,CATACHE,SANTA CRUZ,CAJAMARCA,Apoderado,6,3,SI,NO,Entre18y25,0.0,PUBL,0
100117130,0,18.0,F,LURIGANCHO,LIMA ,LIMA,Madre,3,0,NO,NO,MenosDe18,0.0,PUBL,0
100117698,0,27.0,F,COMAS,LIMA ,LIMA,Alumno,6,0,NO,NO,Mayor25,0.0,PUBL,1
100118226,1,18.0,F,PUENTE PIEDRA,LIMA ,LIMA,Madre,3,9,SI,NO,MenosDe18,0.0,PUBL,0
100118654,0,29.0,M,ATE,LIMA ,LIMA,Alumno,0,0,NO,NO,Mayor25,0.0,PUBL,0
100119803,1,19.0,F,SAN JUAN DE LURIGANCHO,LIMA ,LIMA,Madre,6,6,SI,NO,Entre18y25,1.0,PRIV,0
100120244,0,19.0,F,BARRANCO,LIMA ,LIMA,Madre,9,3,SI,NO,Entre18y25,1.0,PRIV,0
100120592,0,18.0,F,LURIGANCHO,LIMA ,LIMA,Madre,6,6,NO,NO,MenosDe18,0.0,PRIV,0
100121142,0,18.0,F,PUEBLO LIBRE,LIMA ,LIMA,Madre,3,3,NO,NO,MenosDe18,0.0,PRIV,0
100121502,0,18.0,M,LURIN,LIMA ,LIMA,Madre,8,0,SI,NO,MenosDe18,0.0,PRIV,0
100121840,0,18.0,F,VENTANILLA,PROV. CONST. DEL CALLAO,CALLAO,Madre,2,0,NO,NO,MenosDe18,1.0,PRIV,1
100122384,0,19.0,F,COLQUIOC,BOLOGNESI,ÁNCASH,Alumno,9,9,SI,NO,Entre18y25,1.0,PRIV,1
100122480,1,25.0,F,CHORRILLOS,LIMA ,LIMA,Padre,18,18,SI,SI,Mayor25,,PRIV,1
100123228,0,18.0,F,JESÚS MARÍA,LIMA ,LIMA,Padre,0,0,NO,NO,MenosDe18,0.0,PRIV,0
100123370,0,18.0,M,CHACLACAYO,LIMA ,LIMA,Padre,6,12,SI,NO,MenosDe18,,PRIV,0
100123545,1,25.0,M,EL AGUSTINO,LIMA ,LIMA,Alumno,21,21,SI,SI,Mayor25,0.0,PRIV,1
100123546,0,18.0,F,SANTIAGO DE SURCO,LIMA ,LIMA,Padre,6,6,SI,NO,MenosDe18,1.0,PRIV,0
100123880,0,24.0,F,CHIMBOTE,SANTA,ÁNCASH,Alumno,0,0,NO,NO,Entre18y25,1.0,PRIV,0
100124052,0,17.0,M,SANTIAGO DE SURCO,LIMA ,LIMA,Madre,6,3,SI,NO,MenosDe18,0.0,PRIV,1
100124265,1,16.0,M,SAN MARTÍN DE PORRES,LIMA,LIMA,Apoderado,0,2,NO,SI,MenosDe18,,PRIV,1
100124497,0,22.0,M,CHORRILLOS,LIMA ,LIMA,Madre,12,3,SI,NO,Entre18y25,0.0,PRIV,0
100124752,0,18.0,F,SAN MARTÍN DE PORRES,LIMA ,LIMA,Madre,0,0,NO,NO,MenosDe18,1.0,PRIV,0
100125541,1,17.0,F,VILLA EL SALVADOR,LIMA ,LIMA,Madre,0,18,SI,NO,MenosDe18,1.0,PUBL,1
100125674,0,18.0,F,LURIN,LIMA ,LIMA,Padre,6,6,SI,NO,MenosDe18,0.0,PRIV,0
100125792,1,25.0,F,LOS OLIVOS,LIMA ,LIMA,Alumno,18,18,SI,SI,Mayor25,,PRIV,1
100125985,1,18.0,M,LURIGANCHO,LIMA ,LIMA,Madre,18,18,SI,SI,MenosDe18,0.0,PRIV,1
100126082,0,17.0,M,TAMBOPATA,TAMBOPATA ,MADRE DE DIOS,Padre,3,0,NO,NO,MenosDe18,1.0,PRIV,0
100126112,1,19.0,M,ATE,LIMA ,LIMA,Alumno,12,12,SI,NO,Entre18y25,0.0,PRIV,1
100126115,0,18.0,M,VILLA EL SALVADOR,LIMA ,LIMA,Madre,9,3,NO,NO,MenosDe18,0.0,PRIV,0
100126174,0,17.0,F,CALLAO,PROV. CONST. DEL CALLAO,CALLAO,Padre,0,3,NO,NO,MenosDe18,0.0,PUBL,0
100126504,1,48.0,F,SAN MARTÍN DE PORRES,LIMA ,LIMA,Alumno,9,6,SI,NO,Mayor25,0.0,PRIV,0
100126984,0,18.0,F,SAN JUAN DE MIRAFLORES,LIMA ,LIMA,Padre,2,2,SI,NO,MenosDe18,1.0,PRIV,0
100127315,0,18.0,M,SAN BORJA,LIMA ,LIMA,Madre,9,6,SI,NO,MenosDe18,0.0,PRIV,0
100127323,0,18.0,M,LURIN,LIMA ,LIMA,Padre,6,6,SI,NO,MenosDe18,0.0,PRIV,0
100127365,0,24.0,M,COMAS,LIMA ,LIMA,Alumno,3,0,NO,NO,Entre18y25,1.0,PRIV,0
100127444,0,18.0,F,LA MOLINA,LIMA ,LIMA,Madre,6,3,SI,NO,MenosDe18,0.0,PRIV,0
100127536,1,18.0,F,PUENTE PIEDRA,LIMA ,LIMA,Apoderado,9,9,SI,NO,MenosDe18,0.0,PRIV,1
100127948,1,17.0,F,LIMA,LIMA ,LIMA,Madre,18,18,SI,SI,MenosDe18,,PRIV,1
100128342,0,18.0,F,AYACUCHO,HUAMANGA,AYACUCHO,Madre,9,3,SI,NO,MenosDe18,0.0,PRIV,0
100128352,0,18.0,F,BREÑA,LIMA ,LIMA,Madre,9,3,SI,NO,MenosDe18,1.0,PRIV,1
100128393,1,17.0,M,HUANTA,HUANTA,AYACUCHO,Madre,12,12,SI,NO,MenosDe18,0.0,PUBL,0
100128614,0,17.0,F,SAN MARTÍN DE PORRES,LIMA ,LIMA,Madre,2,2,NO,NO,MenosDe18,0.0,PRIV,0
100128636,0,21.0,F,SAN MARTÍN DE PORRES,LIMA ,LIMA,Alumno,6,3,SI,NO,Entre18y25,0.0,PUBL,0
100128643,1,45.0,M,VILLA EL SALVADOR,LIMA ,LIMA,Alumno,2,0,NO,NO,Mayor25,0.0,PUBL,1
100128673,0,20.0,F,ATE,LIMA ,LIMA,Alumno,3,0,NO,NO,Entre18y25,0.0,PRIV,0
100129125,0,18.0,F,PUNTA HERMOSA,LIMA ,LIMA,Madre,9,3,SI,NO,MenosDe18,0.0,PRIV,1
100129150,0,19.0,F,ASIA,CAÑETE ,LIMA,Alumno,6,0,NO,NO,Entre18y25,0.0,PRIV,0
100129195,1,18.0,M,CHANCAY,HUARAL ,LIMA,Madre,0,0,SI,NO,MenosDe18,0.0,PRIV,1
100129201,0,19.0,F,EL AGUSTINO,LIMA ,LIMA,Apoderado,3,0,SI,NO,Entre18y25,1.0,PRIV,0
100129204,0,17.0,M,SAN JUAN DE MIRAFLORES,LIMA ,LIMA,Padre,6,3,SI,NO,MenosDe18,0.0,PUBL,0
100129268,0,20.0,F,ATE,LIMA ,LIMA,Alumno,3,0,NO,NO,Entre18y25,0.0,PRIV,0
100129399,0,17.0,F,SANTIAGO DE SURCO,LIMA ,LIMA,Padre,0,0,NO,NO,MenosDe18,1.0,PUBL,0
100129471,0,27.0,M,VILLA MARÍA DEL TRIUNFO,LIMA ,LIMA,Alumno,0,0,NO,NO,Mayor25,0.0,PRIV,0
100129614,1,18.0,F,SANTIAGO DE SURCO,LIMA ,LIMA,Madre,9,9,SI,NO,MenosDe18,0.0,PUBL,0
100129892,0,17.0,M,LOS OLIVOS,LIMA ,LIMA,Madre,0,0,NO,NO,MenosDe18,1.0,PRIV,0
100130011,1,18.0,M,CHACHAPOYAS,CHACHAPOYAS,AMAZONAS,Madre,18,18,SI,SI,MenosDe18,,PRIV,1
100130027,0,18.0,F,PACHACAMAC,LIMA ,LIMA,Padre,9,9,SI,NO,MenosDe18,0.0,PRIV,0
100130272,1,29.0,M,LURIGANCHO,LIMA ,LIMA,Alumno,18,18,SI,SI,Mayor25,,PRIV,1
100130322,0,17.0,F,VILLA MARÍA DEL TRIUNFO,LIMA ,LIMA,Padre,9,3,SI,NO,MenosDe18,0.0,PRIV,0
100130390,0,21.0,M,ATE,LIMA ,LIMA,Alumno,0,0,NO,NO,Entre18y25,0.0,PRIV,0
100130656,0,17.0,F,LURIGANCHO,LIMA ,LIMA,Madre,0,2,NO,NO,MenosDe18,0.0,PRIV,0
100130728,1,20.0,M,VILLA MARÍA DEL TRIUNFO,LIMA ,LIMA,Alumno,18,18,SI,SI,Entre18y25,,PRIV,1
100130827,0,18.0,M,PUNTA NEGRA,LIMA ,LIMA,Padre,3,3,SI,NO,MenosDe18,0.0,PRIV,0
100130830,0,19.0,F,VENTANILLA,PROV. CONST. DEL CALLAO,CALLAO,Alumno,0,0,SI,NO,Entre18y25,0.0,PRIV,0
100130868,0,22.0,F,LOS OLIVOS,LIMA ,LIMA,Alumno,0,0,NO,NO,Entre18y25,0.0,PRIV,0
100131056,0,20.0,F,SAN MIGUEL,LIMA ,LIMA,Alumno,3,0,NO,NO,Entre18y25,0.0,PRIV,0
100131215,0,19.0,F,LA VICTORIA,LIMA ,LIMA,Alumno,6,0,NO,NO,Entre18y25,0.0,PRIV,0
100131321,0,17.0,F,VILLA EL SALVADOR,LIMA ,LIMA,Padre,0,3,NO,NO,MenosDe18,0.0,PRIV,0
100131337,0,18.0,F,CHORRILLOS,LIMA ,LIMA,Madre,3,0,NO,NO,MenosDe18,0.0,PRIV,0
100131339,1,19.0,F,PIURA,PIURA ,PIURA,Alumno,0,0,NO,NO,Entre18y25,1.0,PRIV,1
100131386,0,18.0,F,LURIN,LIMA ,LIMA,Padre,0,2,NO,NO,MenosDe18,0.0,PRIV,0
100131533,0,23.0,F,LA MOLINA,LIMA ,LIMA,Alumno,3,3,SI,NO,Entre18y25,,PRIV,0
100131561,0,17.0,M,LA MOLINA,LIMA ,LIMA,Madre,2,2,NO,NO,MenosDe18,1.0,PRIV,0
100131763,0,18.0,F,PACHANGARA,OYÓN ,LIMA,Madre,6,0,NO,NO,MenosDe18,0.0,PRIV,0
100132101,0,18.0,F,SANTIAGO DE SURCO,LIMA ,LIMA,Madre,3,3,NO,NO,MenosDe18,1.0,PRIV,0
100132129,0,17.0,F,COMAS,LIMA ,LIMA,Padre,0,0,NO,NO,MenosDe18,0.0,PRIV,0
100132286,1,18.0,F,LURIGANCHO,LIMA ,LIMA,Madre,18,18,SI,SI,MenosDe18,,PRIV,1
100132297,0,35.0,M,CHIMBOTE,SANTA,ÁNCASH,Alumno,3,0,NO,NO,Mayor25,0.0,PRIV,0
100132351,0,17.0,F,EL AGUSTINO,LIMA ,LIMA,Madre,0,3,NO,NO,MenosDe18,0.0,PRIV,0
100132484,1,18.0,F,AUCALLAMA,HUARAL ,LIMA,Padre,12,18,SI,SI,MenosDe18,0.0,PRIV,1
100132579,0,24.0,M,PUENTE PIEDRA,LIMA ,LIMA,Alumno,3,3,NO,NO,Entre18y25,0.0,PRIV,1
100132621,1,31.0,F,LIMA,LIMA ,LIMA,Alumno,6,18,SI,NO,Mayor25,1.0,PRIV,1
100132793,1,24.0,F,IQUITOS,MAYNAS ,LORETO,Alumno,18,18,SI,SI,Entre18y25,0.0,PRIV,1
100132836,0,18.0,F,PUENTE PIEDRA,LIMA ,LIMA,Padre,0,0,NO,NO,MenosDe18,0.0,PRIV,0
100132954,0,19.0,F,LOS OLIVOS,LIMA ,LIMA,Alumno,9,6,SI,NO,Entre18y25,0.0,PRIV,1
100132960,1,33.0,M,SAN MARTÍN DE PORRES,LIMA ,LIMA,Alumno,0,1,NO,NO,Mayor25,0.0,PRIV,0
100132994,1,18.0,F,CHORRILLOS,LIMA ,LIMA,Apoderado,9,18,SI,NO,MenosDe18,0.0,PRIV,1
100133336,0,18.0,F,CHACLACAYO,LIMA ,LIMA,Madre,3,0,NO,NO,MenosDe18,0.0,PRIV,0
100133411,1,20.0,F,LURIGANCHO,LIMA ,LIMA,Alumno,18,18,SI,SI,Entre18y25,0.0,PRIV,1
100133463,0,24.0,F,BARRANCO,LIMA ,LIMA,Alumno,9,6,SI,NO,Entre18y25,1.0,PRIV,0
100133635,0,18.0,F,VILLA MARÍA DEL TRIUNFO,LIMA ,LIMA,Padre,3,3,NO,NO,MenosDe18,0.0,PRIV,0
100133638,0,17.0,F,ATE,LIMA ,LIMA,Madre,0,0,NO,NO,MenosDe18,0.0,PRIV,0
100133729,0,17.0,M,PUENTE PIEDRA,LIMA ,LIMA,Madre,4,0,NO,NO,MenosDe18,0.0,PRIV,0
100134153,1,21.0,F,COMAS,LIMA ,LIMA,Alumno,28,28,SI,SI,Entre18y25,0.0,PRIV,1
100134473,0,35.0,F,CHORRILLOS,LIMA ,LIMA,Alumno,3,3,SI,NO,Mayor25,1.0,PRIV,1
100134539,0,18.0,M,CHORRILLOS,LIMA ,LIMA,Apoderado,3,3,NO,NO,MenosDe18,0.0,PRIV,0
100134649,0,17.0,F,LURIGANCHO,LIMA ,LIMA,Padre,9,3,SI,NO,MenosDe18,0.0,PRIV,0
100134670,1,17.0,M,SAN MARTÍN DE PORRES,LIMA,LIMA,Apoderado,6,6,NO,NO,MenosDe18,,PRIV,0
100134674,0,17.0,M,VILLA EL SALVADOR,LIMA,LIMA,Apoderado,3,3,NO,NO,MenosDe18,,PRIV,0
100134709,0,24.0,F,VILLA EL SALVADOR,LIMA ,LIMA,Alumno,0,0,NO,NO,Entre18y25,1.0,PRIV,0
100134846,0,21.0,F,ATE,LIMA ,LIMA,Alumno,3,3,SI,NO,Entre18y25,0.0,PRIV,1
100134917,1,18.0,F,SAN MARTÍN DE PORRES,LIMA ,LIMA,Apoderado,6,12,SI,SI,MenosDe18,1.0,PRIV,1
100135110,0,20.0,M,VILLA MARÍA DEL TRIUNFO,LIMA ,LIMA,Alumno,0,0,NO,NO,Entre18y25,1.0,PRIV,1
100135155,0,18.0,F,VILLA EL SALVADOR,LIMA ,LIMA,Padre,6,0,NO,NO,MenosDe18,0.0,PRIV,0
100135277,0,18.0,F,VILLA MARÍA DEL TRIUNFO,LIMA ,LIMA,Madre,0,3,NO,NO,MenosDe18,0.0,PRIV,0
100135300,0,19.0,M,PUENTE PIEDRA,LIMA ,LIMA,Alumno,6,3,SI,NO,Entre18y25,0.0,PRIV,0
100135430,1,22.0,F,LURIGANCHO,LIMA ,LIMA,Alumno,18,18,SI,SI,Entre18y25,0.0,PRIV,1
100135526,0,19.0,F,VILLA EL SALVADOR,LIMA ,LIMA,Alumno,12,3,SI,NO,Entre18y25,0.0,PRIV,1
100135598,1,17.0,F,SANTIAGO DE SURCO,LIMA ,LIMA,Madre,6,12,SI,NO,MenosDe18,0.0,PRIV,1
100135679,1,26.0,F,CHORRILLOS,LIMA ,LIMA,Alumno,18,18,SI,SI,Mayor25,1.0,PRIV,1
100135798,0,18.0,F,SAN JUAN DE MIRAFLORES,LIMA ,LIMA,Padre,0,0,NO,NO,MenosDe18,1.0,PRIV,0
100135849,1,17.0,F,COMAS,LIMA ,LIMA,Madre,12,15,SI,NO,MenosDe18,1.0,PRIV,1
100135855,0,18.0,F,LURIN,LIMA ,LIMA,Apoderado,6,6,SI,NO,MenosDe18,0.0,PRIV,1
100135870,1,17.0,F,VENTANILLA,PROV. CONST. DEL CALLAO,CALLAO,Madre,12,9,SI,NO,MenosDe18,0.0,PRIV,1
100135881,1,20.0,F,LOS OLIVOS,LIMA ,LIMA,Alumno,12,20,SI,NO,Entre18y25,0.0,PRIV,1
100135884,0,19.0,M,VILLA EL SALVADOR,LIMA ,LIMA,Alumno,3,0,SI,NO,Entre18y25,0.0,PRIV,0
100135886,0,19.0,F,LURIN,LIMA ,LIMA,Alumno,0,0,NO,NO,Entre18y25,0.0,PRIV,0
100135887,0,18.0,F,PUENTE PIEDRA,LIMA ,LIMA,Madre,3,0,SI,NO,MenosDe18,0.0,PRIV,0
100135906,1,17.0,F,COMAS,LIMA ,LIMA,Padre,6,18,SI,NO,MenosDe18,0.0,PRIV,1
100135912,1,18.0,M,VILLA MARÍA DEL TRIUNFO,LIMA ,LIMA,Apoderado,9,6,SI,NO,MenosDe18,0.0,PRIV,1
100135919,0,22.0,M,LOS OLIVOS,LIMA ,LIMA,Alumno,3,0,NO,NO,Entre18y25,1.0,PRIV,0
100135921,0,19.0,F,ATE,LIMA ,LIMA,Alumno,6,3,NO,NO,Entre18y25,1.0,PRIV,0
100135923,0,18.0,M,SAN VICENTE DE CAÑETE,CAÑETE ,LIMA,Padre,0,0,SI,NO,MenosDe18,0.0,PRIV,0
100135928,0,18.0,F,VILLA EL SALVADOR,LIMA ,LIMA,Madre,0,2,NO,NO,MenosDe18,0.0,PRIV,0
100135930,0,19.0,F,SAN MARTÍN DE PORRES,LIMA ,LIMA,Alumno,6,3,SI,NO,Entre18y25,0.0,PRIV,0
100135931,0,18.0,F,SAN MARTÍN DE PORRES,LIMA ,LIMA,Padre,6,6,SI,NO,MenosDe18,0.0,PRIV,0
100135941,0,37.0,F,SANTA ANITA,LIMA ,LIMA,Alumno,3,0,NO,NO,Mayor25,0.0,PUBL,0
100135946,0,21.0,F,PACHACAMAC,LIMA ,LIMA,Alumno,9,6,SI,NO,Entre18y25,1.0,PRIV,0
100135951,1,19.0,M,VILLA EL SALVADOR,LIMA ,LIMA,Alumno,6,6,SI,NO,Entre18y25,1.0,PRIV,0
100135958,1,25.0,F,SAN VICENTE DE CAÑETE,CAÑETE ,LIMA,Alumno,18,18,SI,SI,Mayor25,0.0,PRIV,1
100135970,1,39.0,F,COMAS,LIMA ,LIMA,Alumno,9,0,NO,NO,Mayor25,0.0,PRIV,1
100135973,0,20.0,F,SAN MARTÍN DE PORRES,LIMA ,LIMA,Alumno,3,0,NO,NO,Entre18y25,0.0,PRIV,0
100135974,1,17.0,M,SAN MARTÍN DE PORRES,LIMA ,LIMA,Apoderado,15,18,SI,NO,MenosDe18,0.0,PRIV,1
100135980,0,18.0,F,LURIN,LIMA ,LIMA,Padre,0,0,NO,NO,MenosDe18,0.0,PUBL,0
100135981,1,21.0,F,CARABAYLLO,LIMA ,LIMA,Alumno,12,9,SI,NO,Entre18y25,0.0,PRIV,1
100135985,0,18.0,M,ATE,LIMA ,LIMA,Madre,9,3,SI,NO,MenosDe18,0.0,PRIV,0
100135987,0,19.0,F,VILLA EL SALVADOR,LIMA ,LIMA,Alumno,3,3,SI,NO,Entre18y25,0.0,PRIV,0
100135990,0,18.0,F,EL AGUSTINO,LIMA ,LIMA,Madre,6,9,SI,NO,MenosDe18,1.0,PRIV,0
100135998,0,21.0,F,HUANCAVELICA,HUANCAVELICA,HUANCAVELICA,Alumno,3,3,SI,NO,Entre18y25,0.0,PRIV,0
100136004,0,18.0,M,PUENTE PIEDRA,LIMA ,LIMA,Madre,2,2,NO,NO,MenosDe18,0.0,PRIV,0
100136017,0,17.0,F,INDEPENDENCIA,LIMA ,LIMA,Madre,0,0,NO,NO,MenosDe18,0.0,PUBL,0
100136020,0,18.0,F,VILLA EL SALVADOR,LIMA ,LIMA,Madre,3,0,SI,NO,MenosDe18,0.0,PRIV,0
100136027,0,18.0,F,SAN JUAN DE MIRAFLORES,LIMA ,LIMA,Apoderado,3,0,SI,NO,MenosDe18,0.0,PUBL,0
100136043,1,18.0,F,COMAS,LIMA ,LIMA,Apoderado,6,15,SI,NO,MenosDe18,0.0,PRIV,1
100136046,0,18.0,F,COMAS,LIMA ,LIMA,Madre,0,0,NO,NO,MenosDe18,0.0,PRIV,0
100136049,0,19.0,F,PACHACAMAC,LIMA ,LIMA,Alumno,3,0,NO,NO,Entre18y25,0.0,PUBL,0
100136051,0,17.0,F,LOS OLIVOS,LIMA ,LIMA,Padre,0,0,NO,NO,MenosDe18,0.0,PUBL,0
100136052,0,19.0,F,CALLAO,PROV. CONST. DEL CALLAO,CALLAO,Alumno,12,9,SI,NO,Entre18y25,0.0,PUBL,0
100136053,0,20.0,M,ATE,LIMA ,LIMA,Alumno,9,0,SI,NO,Entre18y25,0.0,PRIV,0
100136055,1,18.0,F,ATE,LIMA ,LIMA,Madre,18,18,SI,SI,MenosDe18,0.0,PRIV,0
100136060,0,21.0,M,COMAS,LIMA ,LIMA,Alumno,9,3,SI,NO,Entre18y25,0.0,PRIV,0
100136067,0,19.0,F,COMAS,LIMA ,LIMA,Alumno,0,0,NO,NO,Entre18y25,0.0,PRIV,0
100136076,0,19.0,F,SAN JUAN DE LURIGANCHO,LIMA ,LIMA,Alumno,6,0,NO,NO,Entre18y25,0.0,PRIV,0
100136079,0,19.0,M,EL AGUSTINO,LIMA ,LIMA,Alumno,2,0,NO,NO,Entre18y25,0.0,PRIV,0
100136082,0,18.0,F,ATE,LIMA ,LIMA,Madre,3,0,NO,NO,MenosDe18,0.0,PRIV,0
100136086,0,18.0,F,CARABAYLLO,LIMA ,LIMA,Padre,3,3,SI,NO,MenosDe18,0.0,PRIV,1
100136094,0,18.0,M,SANTIAGO DE SURCO,LIMA ,LIMA,Apoderado,3,3,SI,NO,MenosDe18,0.0,PUBL,0
100136096,1,18.0,F,ATE,LIMA ,LIMA,Madre,12,15,SI,NO,MenosDe18,0.0,,1
100136099,0,19.0,M,COMAS,LIMA ,LIMA,Alumno,2,0,NO,NO,Entre18y25,0.0,PRIV,0
100136102,0,18.0,F,SAN JUAN DE MIRAFLORES,LIMA ,LIMA,Padre,12,3,SI,NO,MenosDe18,0.0,PRIV,0
100136103,0,19.0,F,PUENTE PIEDRA,LIMA ,LIMA,Alumno,3,0,NO,NO,Entre18y25,0.0,PRIV,0
100136106,0,18.0,F,SANTIAGO DE SURCO,LIMA ,LIMA,Apoderado,0,0,NO,NO,MenosDe18,0.0,PRIV,0
100136107,0,18.0,F,LURIN,LIMA ,LIMA,Madre,3,6,NO,NO,MenosDe18,0.0,PRIV,0
100136108,0,19.0,F,VILLA EL SALVADOR,LIMA ,LIMA,Alumno,0,0,NO,NO,Entre18y25,1.0,PRIV,0
100136109,1,17.0,F,SANTA ANITA,LIMA ,LIMA,Madre,18,18,SI,SI,MenosDe18,0.0,PRIV,1
100136113,0,18.0,M,CARABAYLLO,LIMA ,LIMA,Padre,3,6,SI,NO,MenosDe18,0.0,PRIV,0
100136134,0,17.0,F,LURIGANCHO,LIMA ,LIMA,Apoderado,0,3,SI,NO,MenosDe18,0.0,PRIV,0
100136135,0,19.0,M,LINCE,LIMA ,LIMA,Alumno,0,3,NO,NO,Entre18y25,0.0,PUBL,0
100136138,0,20.0,F,VILLA EL SALVADOR,LIMA ,LIMA,Alumno,0,0,SI,NO,Entre18y25,0.0,PRIV,0
100136142,1,18.0,F,ATE,LIMA ,LIMA,Padre,18,18,SI,SI,MenosDe18,1.0,PUBL,1
100136145,1,17.0,F,VILLA MARÍA DEL TRIUNFO,LIMA ,LIMA,Madre,18,18,SI,SI,MenosDe18,0.0,PUBL,1
100136152,0,18.0,F,PUENTE PIEDRA,LIMA ,LIMA,Apoderado,3,3,NO,NO,MenosDe18,0.0,PUBL,0
100136154,0,17.0,F,SAN MARTÍN DE PORRES,LIMA ,LIMA,Padre,6,0,NO,NO,MenosDe18,0.0,PUBL,0
100136156,0,17.0,F,LOS OLIVOS,LIMA ,LIMA,Padre,2,0,NO,NO,MenosDe18,0.0,PUBL,0
100136157,0,18.0,F,BARRANCO,LIMA ,LIMA,Madre,0,0,NO,NO,MenosDe18,0.0,PRIV,0
100136159,1,20.0,F,HUARAL,HUARAL ,LIMA,Alumno,18,18,SI,SI,Entre18y25,0.0,PRIV,1
100136166,0,18.0,F,SAN MARTÍN DE PORRES,LIMA ,LIMA,Madre,6,6,SI,NO,MenosDe18,1.0,PRIV,0
100136168,0,18.0,M,SANTIAGO DE SURCO,LIMA ,LIMA,Madre,0,0,NO,NO,MenosDe18,0.0,PRIV,0
100136169,0,18.0,F,PARDO MIGUEL,RIOJA ,SAN MARTÍN,Apoderado,3,0,NO,NO,MenosDe18,0.0,PRIV,0
100136170,0,19.0,F,CARABAYLLO,LIMA ,LIMA,Alumno,6,6,SI,NO,Entre18y25,0.0,PRIV,1
100136174,0,19.0,F,CARABAYLLO,LIMA ,LIMA,Alumno,6,3,SI,NO,Entre18y25,0.0,PRIV,1
100136186,1,17.0,M,COMAS,LIMA ,LIMA,Apoderado,21,21,SI,SI,MenosDe18,0.0,PRIV,1
100136193,1,19.0,M,CARABAYLLO,LIMA ,LIMA,Alumno,18,18,SI,SI,Entre18y25,0.0,PRIV,1
100136194,0,19.0,M,SAN MARTÍN DE PORRES,LIMA ,LIMA,Alumno,3,0,NO,NO,Entre18y25,0.0,PRIV,0
100136198,0,19.0,M,PUENTE PIEDRA,LIMA ,LIMA,Alumno,9,3,SI,NO,Entre18y25,0.0,PRIV,0
100136199,0,18.0,M,PUENTE PIEDRA,LIMA ,LIMA,Apoderado,0,0,NO,NO,MenosDe18,0.0,PRIV,0
100136201,0,18.0,M,ATE,LIMA ,LIMA,Padre,6,0,SI,NO,MenosDe18,0.0,PRIV,0
100136202,0,20.0,F,PACHACAMAC,LIMA ,LIMA,Alumno,0,0,NO,NO,Entre18y25,0.0,PRIV,0
100136240,0,17.0,F,COMAS,LIMA ,LIMA,Madre,0,0,NO,NO,MenosDe18,0.0,PRIV,0
100136248,0,18.0,F,VILLA EL SALVADOR,LIMA ,LIMA,Madre,0,3,NO,NO,MenosDe18,0.0,PRIV,0
100136250,0,24.0,F,PUENTE PIEDRA,LIMA ,LIMA,Alumno,3,3,NO,NO,Entre18y25,0.0,PRIV,0
100136254,0,21.0,F,SAN JUAN DE LURIGANCHO,LIMA ,LIMA,Alumno,3,0,NO,NO,Entre18y25,0.0,PRIV,0
100136255,0,23.0,F,VILLA EL SALVADOR,LIMA ,LIMA,Alumno,0,0,NO,NO,Entre18y25,0.0,PRIV,0
100136256,0,19.0,F,SAN MIGUEL,LIMA ,LIMA,Alumno,6,6,SI,NO,Entre18y25,0.0,PRIV,1
100136265,1,18.0,F,VILLA EL SALVADOR,LIMA ,LIMA,Madre,6,18,SI,NO,MenosDe18,0.0,PUBL,1
100136266,0,19.0,M,SANTIAGO DE SURCO,LIMA ,LIMA,Alumno,0,2,NO,NO,Entre18y25,0.0,PRIV,0
100136269,1,31.0,M,SAN JUAN DE LURIGANCHO,LIMA ,LIMA,Alumno,18,18,SI,SI,Mayor25,0.0,PRIV,1
100136278,1,17.0,F,ANDAHUAYLAS,ANDAHUAYLAS,APURÍMAC,Madre,18,18,SI,SI,MenosDe18,0.0,PRIV,1
100136283,0,17.0,F,ATE,LIMA ,LIMA,Madre,0,0,NO,NO,MenosDe18,0.0,PRIV,0
100136284,0,18.0,F,VILLA MARÍA DEL TRIUNFO,LIMA ,LIMA,Madre,3,0,SI,NO,MenosDe18,0.0,PUBL,0
100136294,0,17.0,F,VENTANILLA,PROV. CONST. DEL CALLAO,CALLAO,Padre,0,0,NO,NO,MenosDe18,0.0,PRIV,0
100136297,1,18.0,F,HUARAL,HUARAL ,LIMA,Madre,9,9,SI,NO,MenosDe18,0.0,PRIV,0
100136298,0,17.0,F,SAN MARTÍN DE PORRES,LIMA ,LIMA,Padre,6,4,NO,NO,MenosDe18,0.0,PRIV,0
100136300,0,17.0,M,VILLA EL SALVADOR,LIMA ,LIMA,Padre,2,0,NO,NO,MenosDe18,0.0,PRIV,0
100136303,0,18.0,M,COMAS,LIMA ,LIMA,Madre,3,0,NO,NO,MenosDe18,1.0,PRIV,0
100136304,0,18.0,F,SAN JUAN DE LURIGANCHO,LIMA ,LIMA,Padre,6,0,NO,NO,MenosDe18,0.0,PRIV,1
100136314,0,17.0,F,CARABAYLLO,LIMA ,LIMA,Madre,3,0,SI,NO,MenosDe18,0.0,PUBL,0
100136328,0,18.0,F,LURIGANCHO,LIMA ,LIMA,Madre,3,0,NO,NO,MenosDe18,,PRIV,0
100136342,0,17.0,F,SANTIAGO DE SURCO,LIMA ,LIMA,Apoderado,0,0,NO,NO,MenosDe18,0.0,PUBL,1
100136367,0,18.0,F,ATE,LIMA ,LIMA,Padre,3,0,NO,NO,MenosDe18,0.0,PRIV,0
100136370,0,24.0,M,ATE,LIMA ,LIMA,Alumno,3,0,NO,NO,Entre18y25,0.0,PRIV,1
100136371,1,43.0,F,VENTANILLA,PROV. CONST. DEL CALLAO,CALLAO,Alumno,0,0,NO,NO,Mayor25,0.0,PRIV,0
100136375,0,19.0,M,INDEPENDENCIA,LIMA ,LIMA,Alumno,0,0,NO,NO,Entre18y25,0.0,PRIV,0
100136383,0,21.0,M,COMAS,LIMA ,LIMA,Alumno,6,3,SI,NO,Entre18y25,0.0,PRIV,0
100136385,0,17.0,M,LOS OLIVOS,LIMA ,LIMA,Madre,6,0,SI,NO,MenosDe18,0.0,PRIV,0
100136388,0,17.0,M,LA BANDA DE SHILCAYO,SAN MARTÍN ,SAN MARTÍN,Madre,9,6,SI,NO,MenosDe18,0.0,PRIV,0
100136392,0,28.0,M,SAN JUAN DE MIRAFLORES,LIMA ,LIMA,Alumno,3,6,SI,NO,Mayor25,0.0,PRIV,0
100136395,0,20.0,F,SANTIAGO DE SURCO,LIMA ,LIMA,Alumno,2,2,NO,NO,Entre18y25,1.0,PUBL,0
100136397,0,18.0,M,VILLA EL SALVADOR,LIMA ,LIMA,Madre,12,3,SI,NO,MenosDe18,1.0,PRIV,1
100136403,0,19.0,F,MATUCANA,HUAROCHIRÍ ,LIMA,Alumno,0,2,NO,NO,Entre18y25,0.0,PUBL,0
100136406,0,24.0,M,SAN JUAN DE MIRAFLORES,LIMA ,LIMA,Alumno,0,0,NO,NO,Entre18y25,0.0,PRIV,0
100136407,0,17.0,F,LOS OLIVOS,LIMA ,LIMA,Madre,2,2,NO,NO,MenosDe18,0.0,PRIV,0
100136409,0,18.0,F,SAN JUAN DE MIRAFLORES,LIMA ,LIMA,Madre,0,0,NO,NO,MenosDe18,0.0,PRIV,0
100136414,0,18.0,M,SALAS,ICA ,ICA,Madre,6,0,SI,NO,MenosDe18,0.0,PUBL,0
100136422,0,21.0,F,VILLA EL SALVADOR,LIMA ,LIMA,Alumno,3,0,NO,NO,Entre18y25,0.0,PRIV,0
100136425,0,17.0,F,PACHACAMAC,LIMA ,LIMA,Padre,6,6,SI,NO,MenosDe18,0.0,PRIV,0
100136433,0,22.0,F,VENTANILLA,PROV. CONST. DEL CALLAO,CALLAO,Alumno,6,0,SI,NO,Entre18y25,0.0,PRIV,0
100136438,1,19.0,F,COMAS,LIMA ,LIMA,Alumno,12,6,SI,NO,Entre18y25,1.0,PRIV,1
100136442,0,21.0,M,INDEPENDENCIA,LIMA ,LIMA,Alumno,0,0,NO,NO,Entre18y25,0.0,PRIV,0
100136445,0,17.0,M,SULLANA,SULLANA ,PIURA,Madre,0,3,NO,NO,MenosDe18,0.0,PRIV,0
100136446,0,20.0,M,CARABAYLLO,LIMA ,LIMA,Alumno,4,0,NO,NO,Entre18y25,0.0,PUBL,0
100136448,0,20.0,F,LOS OLIVOS,LIMA ,LIMA,Alumno,4,0,NO,NO,Entre18y25,0.0,PRIV,0
100136452,0,17.0,M,COMAS,LIMA ,LIMA,Madre,4,2,SI,NO,MenosDe18,0.0,PUBL,1
100136454,1,18.0,F,SAN MARTÍN DE PORRES,LIMA ,LIMA,Madre,12,6,SI,NO,MenosDe18,1.0,PUBL,0
100136456,0,18.0,F,ATE,LIMA ,LIMA,Apoderado,6,6,SI,NO,MenosDe18,1.0,PRIV,1
100136460,0,18.0,F,VILLA EL SALVADOR,LIMA ,LIMA,Padre,0,0,NO,NO,MenosDe18,0.0,PRIV,0
100136463,0,26.0,F,CHORRILLOS,LIMA ,LIMA,Alumno,6,3,NO,NO,Mayor25,1.0,PUBL,0
100136472,1,22.0,F,ATE,LIMA ,LIMA,Alumno,18,18,SI,SI,Entre18y25,0.0,PRIV,1
100136473,1,23.0,M,ATE,LIMA ,LIMA,Alumno,18,18,SI,SI,Entre18y25,0.0,PUBL,1
100136476,1,17.0,F,VILLA EL SALVADOR,LIMA ,LIMA,Madre,3,9,NO,NO,MenosDe18,0.0,PUBL,1
100136479,0,19.0,F,SAN JUAN DE MIRAFLORES,LIMA ,LIMA,Alumno,2,2,NO,NO,Entre18y25,0.0,PUBL,0
100136488,0,22.0,F,VENTANILLA,PROV. CONST. DEL CALLAO,CALLAO,Alumno,6,0,SI,NO,Entre18y25,1.0,PUBL,0
100136493,0,17.0,F,PACHACAMAC,LIMA ,LIMA,Madre,3,0,SI,NO,MenosDe18,0.0,PRIV,0
100136504,0,25.0,M,LOS OLIVOS,LIMA ,LIMA,Alumno,3,0,NO,NO,Mayor25,0.0,PRIV,0
100136531,0,25.0,F,LURIN,LIMA ,LIMA,Alumno,6,3,SI,NO,Mayor25,0.0,PUBL,0
100136545,0,20.0,F,LURIN,LIMA ,LIMA,Alumno,9,0,SI,NO,Entre18y25,0.0,PRIV,0
100136550,1,32.0,F,LURIN,LIMA ,LIMA,Alumno,9,18,SI,SI,Mayor25,0.0,PUBL,1
100136552,1,30.0,F,PACHACAMAC,LIMA ,LIMA,Alumno,18,18,SI,SI,Mayor25,0.0,PUBL,1
100136562,1,31.0,M,CARABAYLLO,LIMA ,LIMA,Alumno,3,6,NO,NO,Mayor25,1.0,PUBL,1
100136573,0,17.0,F,SAN JUAN DE MIRAFLORES,LIMA ,LIMA,Madre,12,3,SI,NO,MenosDe18,0.0,PUBL,0
100136575,0,18.0,F,CHACLACAYO,LIMA ,LIMA,Madre,3,6,NO,NO,MenosDe18,0.0,PUBL,1
100136584,1,23.0,F,LIMA,LIMA ,LIMA,Alumno,15,18,SI,SI,Entre18y25,0.0,PUBL,1
100136585,0,19.0,M,SAN MARTÍN DE PORRES,LIMA ,LIMA,Alumno,2,2,NO,NO,Entre18y25,0.0,PUBL,0
100136588,0,17.0,M,LURIN,LIMA ,LIMA,Madre,0,0,NO,NO,MenosDe18,0.0,PRIV,0
100136590,0,20.0,F,RÍMAC,LIMA ,LIMA,Alumno,0,0,NO,NO,Entre18y25,0.0,PUBL,0
100136596,0,18.0,F,VENTANILLA,PROV. CONST. DEL CALLAO,CALLAO,Apoderado,9,6,SI,NO,MenosDe18,0.0,PUBL,1
100136601,0,17.0,F,SAN MARTÍN DE PORRES,LIMA ,LIMA,Madre,6,0,NO,NO,MenosDe18,0.0,PUBL,0
100136603,0,20.0,F,CALLAO,PROV. CONST. DEL CALLAO,CALLAO,Alumno,3,6,NO,NO,Entre18y25,0.0,PUBL,0
100136605,0,19.0,M,LOS OLIVOS,LIMA ,LIMA,Alumno,3,3,SI,NO,Entre18y25,0.0,PUBL,0
100136606,1,19.0,M,SAN MARTÍN DE PORRES,LIMA ,LIMA,Alumno,18,18,SI,SI,Entre18y25,0.0,PUBL,1
100136608,0,25.0,F,VILLA EL SALVADOR,LIMA ,LIMA,Alumno,6,3,SI,NO,Mayor25,0.0,PUBL,1
100136609,0,30.0,F,LOS OLIVOS,LIMA ,LIMA,Alumno,3,3,SI,NO,Mayor25,0.0,PUBL,0
100136613,1,29.0,M,LOS OLIVOS,LIMA ,LIMA,Alumno,9,6,SI,NO,Mayor25,1.0,PUBL,0
100136615,0,20.0,F,SAN MARTÍN DE PORRES,LIMA ,LIMA,Alumno,0,3,NO,NO,Entre18y25,0.0,PUBL,1
100136629,0,17.0,F,VILLA EL SALVADOR,LIMA ,LIMA,Madre,6,3,SI,NO,MenosDe18,0.0,PUBL,0
100136630,0,18.0,F,LIMA,LIMA ,LIMA,Apoderado,3,3,SI,NO,MenosDe18,0.0,PUBL,0
100136632,0,22.0,F,SAN JUAN DE LURIGANCHO,LIMA ,LIMA,Alumno,0,0,NO,NO,Entre18y25,0.0,PUBL,0
100136645,1,17.0,F,SANTIAGO DE SURCO,LIMA ,LIMA,Apoderado,9,18,SI,NO,MenosDe18,0.0,PUBL,1
100136654,0,17.0,M,SAN JUAN DE MIRAFLORES,LIMA ,LIMA,Padre,0,2,NO,NO,MenosDe18,0.0,PUBL,0
100136656,0,19.0,F,CHIMBOTE,SANTA,ÁNCASH,Alumno,6,9,SI,NO,Entre18y25,0.0,PUBL,0
100136666,0,19.0,M,CARABAYLLO,LIMA ,LIMA,Alumno,6,0,NO,NO,Entre18y25,0.0,PUBL,0
100136667,0,18.0,F,SAN JUAN DE MIRAFLORES,LIMA ,LIMA,Madre,3,0,NO,NO,MenosDe18,0.0,PUBL,0
100136668,0,27.0,F,ATE,LIMA ,LIMA,Alumno,0,0,NO,NO,Mayor25,0.0,PRIV,0
100136676,0,18.0,F,CARABAYLLO,LIMA ,LIMA,Madre,0,0,NO,NO,MenosDe18,0.0,PUBL,0
100136679,0,17.0,M,PUENTE PIEDRA,LIMA ,LIMA,Madre,0,0,NO,NO,MenosDe18,0.0,PUBL,0
100136680,1,23.0,M,VILLA MARÍA DEL TRIUNFO,LIMA ,LIMA,Alumno,9,6,SI,NO,Entre18y25,0.0,PUBL,0
100136685,0,17.0,F,SAN JUAN DE MIRAFLORES,LIMA ,LIMA,Madre,2,4,SI,NO,MenosDe18,0.0,PRIV,0
100136686,0,20.0,F,INDEPENDENCIA,LIMA ,LIMA,Alumno,9,6,SI,NO,Entre18y25,0.0,PRIV,1
100136687,1,17.0,F,CHORRILLOS,LIMA ,LIMA,Madre,18,18,SI,SI,MenosDe18,0.0,PUBL,1
100136689,0,17.0,M,SAN JUAN DE LURIGANCHO,LIMA ,LIMA,Madre,4,4,SI,NO,MenosDe18,0.0,PUBL,0
100136712,0,17.0,M,VENTANILLA,PROV. CONST. DEL CALLAO,CALLAO,Padre,2,0,NO,NO,MenosDe18,0.0,PUBL,0
100136719,0,20.0,M,CARABAYLLO,LIMA ,LIMA,Alumno,2,2,NO,NO,Entre18y25,1.0,PUBL,0
100136723,1,20.0,M,MALA,CAÑETE ,LIMA,Alumno,28,28,SI,SI,Entre18y25,0.0,PUBL,1
100136739,0,18.0,F,COMAS,LIMA ,LIMA,Apoderado,6,3,SI,NO,MenosDe18,1.0,PUBL,0
100136741,0,17.0,F,EL AGUSTINO,LIMA ,LIMA,Madre,0,0,NO,NO,MenosDe18,0.0,PUBL,0
100136748,0,29.0,F,VILLA MARÍA DEL TRIUNFO,LIMA ,LIMA,Alumno,6,0,SI,NO,Mayor25,1.0,PUBL,0
100136755,0,17.0,F,CHORRILLOS,LIMA ,LIMA,Madre,3,0,NO,NO,MenosDe18,0.0,PUBL,0
100136757,0,18.0,F,VENTANILLA,PROV. CONST. DEL CALLAO,CALLAO,Madre,4,2,NO,NO,MenosDe18,1.0,PUBL,0
100136762,1,18.0,M,VILLA MARÍA DEL TRIUNFO,LIMA ,LIMA,Apoderado,12,12,SI,SI,MenosDe18,0.0,PUBL,1
100136763,0,20.0,M,LOS OLIVOS,LIMA ,LIMA,Apoderado,3,6,NO,NO,Entre18y25,0.0,PRIV,0
100136765,0,18.0,M,SAN MARTÍN DE PORRES,LIMA ,LIMA,Madre,6,3,SI,NO,MenosDe18,0.0,PRIV,1
100136767,0,24.0,F,SANTA ANITA,LIMA ,LIMA,Alumno,0,0,NO,NO,Entre18y25,0.0,PUBL,0
100136772,0,17.0,F,PUENTE PIEDRA,LIMA ,LIMA,Madre,2,4,NO,NO,MenosDe18,0.0,PRIV,1
100136775,0,18.0,F,LOS OLIVOS,LIMA ,LIMA,Apoderado,3,3,SI,NO,MenosDe18,0.0,PRIV,0
100136777,0,18.0,F,VILLA EL SALVADOR,LIMA ,LIMA,Padre,0,0,NO,NO,MenosDe18,0.0,PUBL,0
100136781,1,18.0,F,VILLA EL SALVADOR,LIMA ,LIMA,Madre,12,18,SI,NO,MenosDe18,0.0,PUBL,1
100136784,0,23.0,F,ATE,LIMA ,LIMA,Alumno,3,3,NO,NO,Entre18y25,0.0,PUBL,0
100136787,0,18.0,F,SAYAN,HUAURA ,LIMA,Madre,2,0,NO,NO,MenosDe18,0.0,PUBL,1
100136792,0,0.0,F,VILLA EL SALVADOR,LIMA ,LIMA,Apoderado,0,0,NO,NO,MenosDe18,0.0,PUBL,1
100136795,1,17.0,F,LOS OLIVOS,LIMA ,LIMA,Padre,2,8,NO,NO,MenosDe18,1.0,PUBL,0
100136797,0,19.0,F,BREÑA,LIMA ,LIMA,Alumno,0,0,NO,NO,Entre18y25,0.0,PUBL,0
100136802,0,17.0,F,ANCÓN,LIMA ,LIMA,Madre,0,0,NO,NO,MenosDe18,0.0,PUBL,0
100136803,0,18.0,F,SAN MARTÍN DE PORRES,LIMA ,LIMA,Madre,0,0,NO,NO,MenosDe18,0.0,PUBL,0
100136810,1,20.0,F,PACHACAMAC,LIMA ,LIMA,Alumno,12,18,SI,SI,Entre18y25,0.0,PRIV,1
100136845,0,18.0,F,LURIN,LIMA ,LIMA,Apoderado,3,0,NO,NO,MenosDe18,0.0,PRIV,1
100136847,1,25.0,F,SAN JUAN DE MIRAFLORES,LIMA ,LIMA,Alumno,12,6,SI,NO,Mayor25,1.0,PRIV,0
100136848,0,17.0,F,COMAS,LIMA ,LIMA,Apoderado,6,3,SI,NO,MenosDe18,0.0,PRIV,0
100136853,0,17.0,M,PACHACAMAC,LIMA ,LIMA,Madre,0,0,NO,NO,MenosDe18,0.0,PRIV,0
100136867,0,17.0,F,HUARAL,HUARAL ,LIMA,Madre,3,3,NO,NO,MenosDe18,0.0,PRIV,0
100136870,0,17.0,F,IQUITOS,MAYNAS ,LORETO,Madre,0,3,SI,NO,MenosDe18,1.0,PRIV,0
100136881,0,17.0,F,LOS OLIVOS,LIMA ,LIMA,Madre,6,0,NO,NO,MenosDe18,1.0,PRIV,0
100136886,1,18.0,F,ATE,LIMA ,LIMA,Padre,6,9,SI,NO,MenosDe18,0.0,PRIV,0
100136891,0,35.0,F,ATE,LIMA ,LIMA,Alumno,3,0,NO,NO,Mayor25,0.0,PRIV,0
100136895,1,19.0,F,VILLA MARÍA DEL TRIUNFO,LIMA ,LIMA,Alumno,15,18,SI,SI,Entre18y25,0.0,PRIV,1
100136897,0,19.0,F,VILLA MARÍA DEL TRIUNFO,LIMA ,LIMA,Alumno,0,0,NO,NO,Entre18y25,0.0,PRIV,0
100136905,0,17.0,F,INDEPENDENCIA,LIMA ,LIMA,Padre,6,6,SI,NO,MenosDe18,0.0,PRIV,0
100136918,0,18.0,M,CARABAYLLO,LIMA ,LIMA,Madre,6,0,SI,NO,MenosDe18,0.0,PRIV,0
100136921,1,17.0,F,CARABAYLLO,LIMA ,LIMA,Padre,3,9,SI,NO,MenosDe18,0.0,PRIV,1
100136924,0,18.0,F,JESÚS MARÍA,LIMA ,LIMA,Apoderado,2,0,NO,NO,MenosDe18,0.0,PRIV,0
100136931,0,19.0,M,VILLA EL SALVADOR,LIMA ,LIMA,Alumno,3,0,SI,NO,Entre18y25,0.0,PRIV,0
100136942,0,18.0,F,LOS OLIVOS,LIMA ,LIMA,Apoderado,6,3,SI,NO,MenosDe18,0.0,PRIV,0
100136949,0,17.0,F,CARABAYLLO,LIMA ,LIMA,Padre,3,0,NO,NO,MenosDe18,0.0,PRIV,0
100136952,0,17.0,M,CHORRILLOS,LIMA ,LIMA,Padre,4,2,NO,NO,MenosDe18,0.0,PRIV,0
100136954,0,17.0,M,PUENTE PIEDRA,LIMA ,LIMA,Madre,3,0,NO,NO,MenosDe18,0.0,PRIV,0
100136959,0,22.0,F,VILLA EL SALVADOR,LIMA ,LIMA,Alumno,9,0,SI,NO,Entre18y25,0.0,PRIV,1
100136973,0,18.0,F,SAN MARTÍN DE PORRES,LIMA ,LIMA,Madre,3,3,SI,NO,MenosDe18,0.0,PRIV,0
100136975,0,17.0,F,VILLA EL SALVADOR,LIMA ,LIMA,Apoderado,0,0,NO,NO,MenosDe18,0.0,PRIV,0
100136981,0,17.0,F,SAN BARTOLO,LIMA ,LIMA,Madre,3,6,SI,NO,MenosDe18,0.0,PRIV,0
100136999,0,18.0,M,HUANUCO,HUÁNUCO,HUÁNUCO,Apoderado,9,12,SI,NO,MenosDe18,0.0,PRIV,0
100137000,0,17.0,M,PACHACAMAC,LIMA ,LIMA,Padre,4,4,NO,NO,MenosDe18,0.0,PRIV,0
100137001,0,17.0,F,VILLA EL SALVADOR,LIMA ,LIMA,Madre,0,0,NO,NO,MenosDe18,0.0,PRIV,0
100137002,0,17.0,F,HUARAL,HUARAL ,LIMA,Madre,3,3,NO,NO,MenosDe18,0.0,PRIV,0
100137004,1,19.0,F,PACHACAMAC,LIMA ,LIMA,Alumno,12,9,SI,NO,Entre18y25,0.0,PRIV,0
100137005,0,18.0,F,PACHACAMAC,LIMA ,LIMA,Padre,2,0,NO,NO,MenosDe18,0.0,PRIV,1
100137006,0,18.0,F,MORALES,SAN MARTÍN ,SAN MARTÍN,Madre,0,4,SI,NO,MenosDe18,0.0,PRIV,0
100137009,1,18.0,M,LURIGANCHO,LIMA ,LIMA,Apoderado,9,6,SI,NO,MenosDe18,1.0,PRIV,0
100137010,0,17.0,F,LOS OLIVOS,LIMA ,LIMA,Padre,0,3,NO,NO,MenosDe18,1.0,PRIV,0
100137011,0,21.0,F,SAN MARTÍN DE PORRES,LIMA ,LIMA,Alumno,0,0,NO,NO,Entre18y25,0.0,PUBL,0
100137026,0,18.0,F,LA VICTORIA,LIMA ,LIMA,Apoderado,3,3,NO,NO,MenosDe18,0.0,PRIV,0
100137027,0,19.0,F,VILLA MARÍA DEL TRIUNFO,LIMA ,LIMA,Alumno,0,0,NO,NO,Entre18y25,0.0,PRIV,0
100137034,1,43.0,M,MAGDALENA DEL MAR,LIMA ,LIMA,Alumno,18,18,SI,SI,Mayor25,0.0,PRIV,0
100137037,1,17.0,F,SAN MARTÍN DE PORRES,LIMA ,LIMA,Apoderado,15,15,SI,SI,MenosDe18,0.0,PRIV,1
100137045,0,27.0,M,SAN MARTÍN DE PORRES,LIMA ,LIMA,Alumno,9,3,SI,NO,Mayor25,0.0,PRIV,1
100137046,0,24.0,F,SAN MARTÍN DE PORRES,LIMA ,LIMA,Alumno,4,4,SI,NO,Entre18y25,0.0,PUBL,0
100137047,0,18.0,F,MALA,CAÑETE ,LIMA,Madre,6,3,NO,NO,MenosDe18,0.0,PRIV,1
100137056,0,22.0,F,VILLA MARÍA DEL TRIUNFO,LIMA ,LIMA,Alumno,6,3,SI,NO,Entre18y25,0.0,PRIV,0
100137059,0,19.0,M,SAN MARTÍN DE PORRES,LIMA ,LIMA,Alumno,6,6,SI,NO,Entre18y25,0.0,PRIV,0
100137070,0,19.0,F,SAN MARTÍN DE PORRES,LIMA ,LIMA,Alumno,3,3,NO,NO,Entre18y25,1.0,PUBL,0
100137072,1,20.0,F,VILLA EL SALVADOR,LIMA ,LIMA,Alumno,9,9,SI,NO,Entre18y25,1.0,PUBL,1
100137074,1,23.0,F,LIMA,LIMA ,LIMA,Alumno,12,9,SI,NO,Entre18y25,0.0,PRIV,1
100137075,0,20.0,F,EL AGUSTINO,LIMA ,LIMA,Alumno,9,6,SI,NO,Entre18y25,0.0,PRIV,0
100137080,0,20.0,F,VILLA EL SALVADOR,LIMA ,LIMA,Alumno,0,0,NO,NO,Entre18y25,0.0,PRIV,0
100137081,1,27.0,M,ATE,LIMA ,LIMA,Alumno,6,9,SI,NO,Mayor25,0.0,PRIV,1
100137089,0,19.0,F,CHORRILLOS,LIMA ,LIMA,Alumno,3,0,NO,NO,Entre18y25,0.0,PRIV,0
100137095,0,19.0,F,PUCUSANA,LIMA ,LIMA,Alumno,0,0,NO,NO,Entre18y25,0.0,PUBL,0
100137096,0,19.0,F,VILLA EL SALVADOR,LIMA ,LIMA,Alumno,6,6,NO,NO,Entre18y25,0.0,PRIV,0
100137105,1,18.0,F,ANCÓN,LIMA ,LIMA,Apoderado,12,12,SI,SI,MenosDe18,0.0,PUBL,1
100137108,1,30.0,F,INDEPENDENCIA,LIMA ,LIMA,Alumno,18,18,SI,SI,Mayor25,0.0,PUBL,1
100137111,0,18.0,F,LURIGANCHO,LIMA ,LIMA,Apoderado,0,0,NO,NO,MenosDe18,0.0,PRIV,0
100137119,0,17.0,M,CERRO AZUL,CAÑETE ,LIMA,Apoderado,6,6,SI,NO,MenosDe18,0.0,PUBL,0
100137120,0,27.0,F,CALLAO,PROV. CONST. DEL CALLAO,CALLAO,Alumno,8,8,SI,NO,Mayor25,1.0,PRIV,0
100137121,0,23.0,M,SAN JUAN DE MIRAFLORES,LIMA ,LIMA,Alumno,0,0,NO,NO,Entre18y25,0.0,PRIV,0
100137122,0,17.0,F,ATE,LIMA ,LIMA,Madre,0,0,NO,NO,MenosDe18,0.0,PRIV,0
100137123,0,21.0,F,VILLA MARÍA DEL TRIUNFO,LIMA ,LIMA,Alumno,3,0,NO,NO,Entre18y25,0.0,PUBL,0
100137124,0,19.0,F,PACHACAMAC,LIMA ,LIMA,Alumno,12,0,SI,NO,Entre18y25,1.0,PUBL,0
100137126,1,17.0,F,PUENTE PIEDRA,LIMA ,LIMA,Apoderado,9,12,SI,NO,MenosDe18,0.0,PUBL,1
100137135,0,18.0,F,CHALA,CARAVELÍ,AREQUIPA,Apoderado,12,6,SI,NO,MenosDe18,0.0,PRIV,0
100137148,0,20.0,F,SANTIAGO DE SURCO,LIMA ,LIMA,Alumno,0,0,NO,NO,Entre18y25,0.0,PUBL,0
100137150,1,22.0,F,LURIGANCHO,LIMA ,LIMA,Alumno,15,18,SI,SI,Entre18y25,0.0,PUBL,1
100137169,0,23.0,F,ATE,LIMA ,LIMA,Alumno,3,0,NO,NO,Entre18y25,0.0,PUBL,0
100137179,0,18.0,M,LOS OLIVOS,LIMA ,LIMA,Apoderado,2,0,NO,NO,MenosDe18,0.0,PUBL,0
100137181,0,17.0,F,LURIGANCHO,LIMA ,LIMA,Apoderado,0,0,NO,NO,MenosDe18,0.0,PUBL,0
100137188,0,21.0,F,CARABAYLLO,LIMA ,LIMA,Alumno,6,0,SI,NO,Entre18y25,0.0,PUBL,0
100137203,0,18.0,F,SANTA MARÍA,HUAURA ,LIMA,Apoderado,0,0,NO,NO,MenosDe18,0.0,PUBL,0
100137223,0,21.0,F,VILLA MARÍA DEL TRIUNFO,LIMA ,LIMA,Alumno,9,3,SI,NO,Entre18y25,0.0,PUBL,1
100137237,0,18.0,M,VILLA MARÍA DEL TRIUNFO,LIMA ,LIMA,Padre,3,3,SI,NO,MenosDe18,1.0,PUBL,1
100137250,0,18.0,F,VILLA MARÍA DEL TRIUNFO,LIMA ,LIMA,Padre,0,0,SI,NO,MenosDe18,0.0,PUBL,1
100137251,0,20.0,F,PUENTE PIEDRA,LIMA ,LIMA,Alumno,6,3,SI,NO,Entre18y25,0.0,PUBL,0
100137256,0,17.0,F,MALA,CAÑETE ,LIMA,Apoderado,6,6,SI,NO,MenosDe18,0.0,PUBL,0
100137257,1,18.0,M,COMAS,LIMA ,LIMA,Apoderado,12,9,SI,NO,MenosDe18,0.0,PUBL,1
100137267,0,18.0,F,INDEPENDENCIA,LIMA ,LIMA,Apoderado,0,0,NO,NO,MenosDe18,1.0,PUBL,0
100137285,0,19.0,F,PUENTE PIEDRA,LIMA ,LIMA,Alumno,0,0,NO,NO,Entre18y25,0.0,PUBL,0
100137287,0,17.0,F,AYACUCHO,HUAMANGA,AYACUCHO,Madre,3,0,SI,NO,MenosDe18,0.0,PUBL,0
100137292,0,17.0,M,VILLA EL SALVADOR,LIMA ,LIMA,Padre,0,3,SI,NO,MenosDe18,0.0,PUBL,0
100137294,0,18.0,F,CARABAYLLO,LIMA ,LIMA,Apoderado,3,3,SI,NO,MenosDe18,0.0,PUBL,1
100137295,0,20.0,F,VILLA EL SALVADOR,LIMA ,LIMA,Alumno,6,3,NO,NO,Entre18y25,0.0,PUBL,0
100137299,0,19.0,F,LA VICTORIA,LIMA ,LIMA,Alumno,9,3,NO,NO,Entre18y25,0.0,PRIV,1
100137316,0,17.0,F,CHORRILLOS,LIMA ,LIMA,Madre,3,0,NO,NO,MenosDe18,0.0,PUBL,1
100137321,0,19.0,F,ATE,LIMA ,LIMA,Alumno,2,2,SI,NO,Entre18y25,0.0,PRIV,1
100137342,0,20.0,M,COMAS,LIMA ,LIMA,Alumno,0,6,SI,NO,Entre18y25,0.0,PUBL,0
100137359,1,19.0,F,PUENTE PIEDRA,LIMA ,LIMA,Alumno,12,18,SI,SI,Entre18y25,0.0,PUBL,1
100137370,0,20.0,F,LURIGANCHO,LIMA ,LIMA,Alumno,0,2,NO,NO,Entre18y25,0.0,PRIV,0
100137382,0,21.0,M,CHACLACAYO,LIMA ,LIMA,Alumno,9,3,SI,NO,Entre18y25,0.0,PUBL,0
100137389,0,19.0,F,SAN JUAN DE MIRAFLORES,LIMA ,LIMA,Alumno,6,0,SI,NO,Entre18y25,0.0,PUBL,0
100137398,1,18.0,M,ATE,LIMA ,LIMA,Padre,6,15,SI,NO,MenosDe18,0.0,PUBL,1
100137407,0,20.0,F,CARMEN ALTO,HUAMANGA,AYACUCHO,Alumno,0,0,NO,NO,Entre18y25,0.0,PUBL,0
100137410,0,17.0,F,ATE,LIMA ,LIMA,Madre,2,0,NO,NO,MenosDe18,0.0,PUBL,0
100137411,1,17.0,F,ATE,LIMA ,LIMA,Padre,18,18,SI,SI,MenosDe18,0.0,PUBL,1
100137412,0,18.0,F,ATE,LIMA ,LIMA,Apoderado,9,3,SI,NO,MenosDe18,0.0,PUBL,0
100137413,0,19.0,F,VILLA EL SALVADOR,LIMA ,LIMA,Alumno,3,6,NO,NO,Entre18y25,0.0,PUBL,0
100137429,0,19.0,F,LOS OLIVOS,LIMA ,LIMA,Alumno,0,0,NO,NO,Entre18y25,0.0,PRIV,0
100137432,1,17.0,F,ATE,LIMA ,LIMA,Madre,12,15,SI,NO,MenosDe18,0.0,PUBL,1
100137462,0,17.0,M,VILLA MARÍA DEL TRIUNFO,LIMA ,LIMA,Padre,3,6,SI,NO,MenosDe18,0.0,PRIV,0
100137466,0,17.0,F,SAN JUAN DE MIRAFLORES,LIMA ,LIMA,Apoderado,6,3,NO,NO,MenosDe18,0.0,PUBL,1
100137468,0,17.0,F,SAN MARTÍN DE PORRES,LIMA ,LIMA,Madre,0,4,NO,NO,MenosDe18,0.0,PUBL,0
100137469,0,18.0,F,LURIN,LIMA ,LIMA,Apoderado,6,6,SI,NO,MenosDe18,0.0,PRIV,0
100137470,0,20.0,M,SAN MARTÍN DE PORRES,LIMA ,LIMA,Alumno,0,0,NO,NO,Entre18y25,0.0,PUBL,1
100137471,0,19.0,F,LOS OLIVOS,LIMA ,LIMA,Alumno,3,3,SI,NO,Entre18y25,0.0,PUBL,1
100137472,1,19.0,F,SAN MARTÍN DE PORRES,LIMA ,LIMA,Alumno,3,9,SI,NO,Entre18y25,0.0,PUBL,1
100137480,1,17.0,F,CHORRILLOS,LIMA ,LIMA,Padre,12,18,SI,SI,MenosDe18,0.0,PUBL,1
100137481,0,22.0,F,CHORRILLOS,LIMA ,LIMA,Alumno,0,0,SI,NO,Entre18y25,0.0,PUBL,0
100137485,1,22.0,M,AYACUCHO,HUAMANGA,AYACUCHO,Alumno,6,10,SI,SI,Entre18y25,1.0,PRIV,1
100137506,0,18.0,F,RÍMAC,LIMA ,LIMA,Madre,0,0,NO,NO,MenosDe18,0.0,PUBL,0
100137511,0,19.0,M,CHILCA,CAÑETE ,LIMA,Alumno,0,0,NO,NO,Entre18y25,0.0,PUBL,0
100137515,0,19.0,F,LOS OLIVOS,LIMA ,LIMA,Alumno,6,6,SI,NO,Entre18y25,0.0,PRIV,1
100137516,0,21.0,F,MAGDALENA DEL MAR,LIMA ,LIMA,Alumno,0,0,NO,NO,Entre18y25,0.0,PUBL,0
100137527,0,20.0,F,LURIGANCHO,LIMA ,LIMA,Alumno,3,0,NO,NO,Entre18y25,0.0,PRIV,0
100137534,0,17.0,F,CALLAO,PROV. CONST. DEL CALLAO,CALLAO,Madre,0,0,NO,NO,MenosDe18,0.0,PUBL,0
100137537,0,17.0,F,LOS OLIVOS,LIMA ,LIMA,Madre,0,0,NO,NO,MenosDe18,0.0,PUBL,0
100137538,0,18.0,F,LURIN,LIMA ,LIMA,Padre,0,0,SI,NO,MenosDe18,0.0,PRIV,0
100137545,0,19.0,F,ANCÓN,LIMA ,LIMA,Alumno,3,0,NO,NO,Entre18y25,0.0,PUBL,0
100137546,0,20.0,F,LURIN,LIMA ,LIMA,Alumno,0,0,NO,NO,Entre18y25,0.0,PUBL,0
100137554,0,20.0,F,VILLA EL SALVADOR,LIMA ,LIMA,Alumno,0,0,SI,NO,Entre18y25,0.0,PUBL,0
100137556,1,17.0,M,SAN BORJA,LIMA ,LIMA,Madre,12,9,SI,NO,MenosDe18,0.0,PRIV,0
100137562,0,24.0,F,INDEPENDENCIA,LIMA ,LIMA,Alumno,6,3,SI,NO,Entre18y25,0.0,PUBL,1
100137564,0,17.0,F,CARABAYLLO,LIMA ,LIMA,Apoderado,6,6,SI,NO,MenosDe18,0.0,PUBL,0
100137574,0,18.0,F,RÍMAC,LIMA ,LIMA,Madre,0,6,SI,NO,MenosDe18,1.0,PUBL,1
100137576,0,19.0,M,PUENTE PIEDRA,LIMA ,LIMA,Alumno,4,4,SI,NO,Entre18y25,1.0,PUBL,0
100137577,0,17.0,M,VILLA MARÍA DEL TRIUNFO,LIMA ,LIMA,Padre,6,0,SI,NO,MenosDe18,0.0,PUBL,0
100137578,1,24.0,M,MANANTAY,CORONEL PORTILLO ,UCAYALI,Alumno,18,18,SI,SI,Entre18y25,0.0,PRIV,1
100137584,0,17.0,M,LURIN,LIMA ,LIMA,Madre,6,2,NO,NO,MenosDe18,0.0,PUBL,0
100137585,0,17.0,F,VILLA EL SALVADOR,LIMA ,LIMA,Madre,0,4,SI,NO,MenosDe18,1.0,PUBL,0
100137586,0,17.0,F,SAN BORJA,LIMA ,LIMA,Madre,4,0,SI,NO,MenosDe18,1.0,PRIV,1
100137587,0,18.0,F,PUENTE PIEDRA,LIMA ,LIMA,Apoderado,3,0,SI,NO,MenosDe18,0.0,PUBL,0
100137594,0,18.0,F,VILLA EL SALVADOR,LIMA ,LIMA,Padre,9,3,SI,NO,MenosDe18,0.0,PUBL,0
100137601,0,18.0,F,RÍMAC,LIMA ,LIMA,Apoderado,9,3,SI,NO,MenosDe18,0.0,PRIV,0
100137605,1,18.0,F,SANTIAGO DE SURCO,LIMA ,LIMA,Apoderado,9,21,SI,NO,MenosDe18,1.0,PRIV,1
100137615,0,18.0,F,VILLA MARÍA DEL TRIUNFO,LIMA ,LIMA,Madre,6,0,SI,NO,MenosDe18,0.0,PRIV,0
100137624,0,19.0,F,COMAS,LIMA ,LIMA,Alumno,3,3,SI,NO,Entre18y25,0.0,PUBL,0
100137628,0,18.0,M,VILLA EL SALVADOR,LIMA ,LIMA,Padre,3,0,NO,NO,MenosDe18,0.0,PUBL,0
100137680,0,18.0,M,LURIGANCHO,LIMA ,LIMA,Apoderado,0,0,NO,NO,MenosDe18,0.0,PUBL,0
100137681,0,17.0,F,PUENTE PIEDRA,LIMA ,LIMA,Madre,3,3,SI,NO,MenosDe18,0.0,PUBL,0
100137695,0,18.0,F,CHORRILLOS,LIMA ,LIMA,Apoderado,6,3,SI,NO,MenosDe18,0.0,PUBL,0
100137703,0,18.0,F,VILLA MARÍA DEL TRIUNFO,LIMA ,LIMA,Madre,6,3,SI,NO,MenosDe18,0.0,PUBL,0
100137707,0,17.0,F,CHORRILLOS,LIMA ,LIMA,Padre,6,3,SI,NO,MenosDe18,0.0,PUBL,0
100137711,0,18.0,F,SAN ANTONIO,HUAROCHIRÍ ,LIMA,Apoderado,9,3,SI,NO,MenosDe18,0.0,PUBL,0
100137717,0,23.0,F,SAN MARTÍN DE PORRES,LIMA ,LIMA,Alumno,0,0,SI,NO,Entre18y25,0.0,PUBL,0
100137719,0,21.0,M,VILLA MARÍA DEL TRIUNFO,LIMA ,LIMA,Alumno,0,0,NO,NO,Entre18y25,0.0,PRIV,0
100137724,0,18.0,F,VILLA MARÍA DEL TRIUNFO,LIMA ,LIMA,Madre,3,0,NO,NO,MenosDe18,0.0,PRIV,0
100137728,1,24.0,F,CHORRILLOS,LIMA ,LIMA,Alumno,9,12,SI,NO,Entre18y25,0.0,PRIV,0
100137729,0,19.0,F,SAN JUAN DE MIRAFLORES,LIMA ,LIMA,Alumno,9,6,NO,NO,Entre18y25,0.0,PRIV,0
100137730,1,17.0,M,ATE,LIMA ,LIMA,Padre,12,9,NO,NO,MenosDe18,0.0,PRIV,0
100137734,0,18.0,F,LOS OLIVOS,LIMA ,LIMA,Padre,3,3,NO,NO,MenosDe18,1.0,PRIV,0
100137736,1,19.0,M,PUENTE PIEDRA,LIMA ,LIMA,Alumno,18,18,SI,SI,Entre18y25,0.0,PRIV,0
100137737,0,18.0,M,CAJAMARCA,CAJAMARCA,CAJAMARCA,Apoderado,3,3,NO,NO,MenosDe18,0.0,PRIV,0
100137738,0,18.0,F,ATE,LIMA ,LIMA,Madre,6,3,SI,NO,MenosDe18,1.0,PRIV,0
100137740,0,17.0,M,LOS OLIVOS,LIMA ,LIMA,Padre,9,0,SI,NO,MenosDe18,1.0,PRIV,0
100137746,0,18.0,F,LOS OLIVOS,LIMA ,LIMA,Madre,0,0,NO,NO,MenosDe18,0.0,PRIV,0
100137750,0,17.0,M,CALLAO,PROV. CONST. DEL CALLAO,CALLAO,Madre,6,6,SI,NO,MenosDe18,0.0,PRIV,1
100137770,0,19.0,M,LOS OLIVOS,LIMA ,LIMA,Alumno,9,3,SI,NO,Entre18y25,1.0,PRIV,1
100137771,0,19.0,F,ATE,LIMA ,LIMA,Alumno,3,3,SI,NO,Entre18y25,0.0,PRIV,0
100137779,0,19.0,F,CHORRILLOS,LIMA ,LIMA,Alumno,0,2,NO,NO,Entre18y25,1.0,PRIV,1
100137786,0,18.0,F,ANCÓN,LIMA ,LIMA,Madre,0,0,NO,NO,MenosDe18,0.0,PRIV,0
100137795,1,20.0,F,INDEPENDENCIA,LIMA ,LIMA,Alumno,9,9,SI,NO,Entre18y25,0.0,PRIV,0
100137797,0,21.0,F,PUENTE PIEDRA,LIMA ,LIMA,Alumno,6,0,NO,NO,Entre18y25,1.0,PRIV,1
100137801,0,19.0,F,COMAS,LIMA ,LIMA,Alumno,0,0,NO,NO,Entre18y25,0.0,PRIV,0
100137806,0,18.0,F,ATE,LIMA ,LIMA,Madre,0,0,NO,NO,MenosDe18,0.0,PRIV,0
100137824,1,17.0,F,SAN MARTÍN DE PORRES,LIMA ,LIMA,Padre,18,18,SI,SI,MenosDe18,0.0,PRIV,1
100137826,0,18.0,F,CHORRILLOS,LIMA ,LIMA,Apoderado,3,0,SI,NO,MenosDe18,0.0,PRIV,0
100137828,0,21.0,F,CALCA,CALCA,CUSCO,Alumno,0,0,NO,NO,Entre18y25,1.0,PRIV,1
100137830,1,17.0,F,LIMA,LIMA ,LIMA,Madre,9,18,SI,NO,MenosDe18,1.0,PUBL,1
100137832,0,17.0,F,SAN BARTOLO,LIMA ,LIMA,Madre,2,2,NO,NO,MenosDe18,0.0,PRIV,0
100137848,0,18.0,F,SANTIAGO DE SURCO,LIMA ,LIMA,Madre,6,3,SI,NO,MenosDe18,0.0,PRIV,0
100137855,1,20.0,F,LA PUNTA,PROV. CONST. DEL CALLAO,CALLAO,Alumno,9,18,SI,NO,Entre18y25,0.0,PRIV,1
100137877,0,17.0,F,CARABAYLLO,LIMA ,LIMA,Madre,6,3,NO,NO,MenosDe18,0.0,PRIV,0
100137882,0,19.0,M,CHORRILLOS,LIMA ,LIMA,Alumno,3,6,SI,NO,Entre18y25,0.0,PRIV,0
100137894,0,20.0,M,CARABAYLLO,LIMA ,LIMA,Alumno,0,0,NO,NO,Entre18y25,0.0,PRIV,0
100137897,0,19.0,F,COMAS,LIMA ,LIMA,Alumno,0,0,NO,NO,Entre18y25,1.0,PRIV,0
100137900,0,19.0,M,ANCÓN,LIMA ,LIMA,Alumno,9,12,SI,NO,Entre18y25,0.0,PRIV,0
100137904,0,17.0,M,VILLA MARÍA DEL TRIUNFO,LIMA ,LIMA,Madre,0,3,SI,NO,MenosDe18,0.0,PRIV,0
100137907,0,18.0,F,BARRANCA,BARRANCA ,LIMA,Madre,0,0,NO,NO,MenosDe18,0.0,PUBL,0
100137918,1,18.0,F,CARABAYLLO,LIMA ,LIMA,Apoderado,9,9,SI,NO,MenosDe18,0.0,PRIV,0
100137919,0,21.0,F,ANCÓN,LIMA ,LIMA,Alumno,0,2,NO,NO,Entre18y25,0.0,PRIV,0
100137923,1,18.0,M,CARABAYLLO,LIMA ,LIMA,Apoderado,18,21,SI,SI,MenosDe18,1.0,PRIV,1
100137938,0,19.0,F,SAN JUAN DE MIRAFLORES,LIMA ,LIMA,Alumno,3,6,SI,NO,Entre18y25,0.0,PRIV,0
100137967,0,19.0,M,LURIN,LIMA ,LIMA,Alumno,6,6,SI,NO,Entre18y25,1.0,PRIV,0
100137973,0,22.0,M,ATE,LIMA ,LIMA,Alumno,3,3,SI,NO,Entre18y25,0.0,PRIV,0
100137974,1,18.0,M,AUCALLAMA,HUARAL ,LIMA,Madre,9,6,SI,NO,MenosDe18,0.0,PRIV,1
100137979,0,17.0,M,PUENTE PIEDRA,LIMA ,LIMA,Madre,9,6,SI,NO,MenosDe18,0.0,PRIV,1
100138004,1,21.0,F,PUENTE PIEDRA,LIMA ,LIMA,Alumno,18,21,SI,SI,Entre18y25,1.0,PRIV,1
100138013,1,18.0,F,SAN JUAN DE MIRAFLORES,LIMA ,LIMA,Apoderado,12,12,SI,NO,MenosDe18,1.0,PRIV,1
100138014,0,18.0,F,COMAS,LIMA ,LIMA,Madre,9,6,SI,NO,MenosDe18,0.0,PRIV,0
100138018,0,21.0,F,PUCUSANA,LIMA ,LIMA,Alumno,3,3,SI,NO,Entre18y25,1.0,PRIV,0
100138019,0,17.0,F,ATE,LIMA ,LIMA,Madre,9,0,SI,NO,MenosDe18,0.0,PRIV,0
100138037,1,18.0,F,SAN JUAN DE LURIGANCHO,LIMA ,LIMA,Padre,12,15,SI,NO,MenosDe18,0.0,PRIV,1
100138040,0,17.0,M,INDEPENDENCIA,LIMA ,LIMA,Madre,0,0,NO,NO,MenosDe18,0.0,PRIV,0
100138042,0,18.0,F,CHORRILLOS,LIMA ,LIMA,Apoderado,0,3,NO,NO,MenosDe18,0.0,PRIV,0
100138043,0,20.0,M,VILLA EL SALVADOR,LIMA ,LIMA,Alumno,3,3,NO,NO,Entre18y25,0.0,PRIV,0
100138051,0,34.0,F,SAN MARTÍN DE PORRES,LIMA ,LIMA,Alumno,0,0,NO,NO,Mayor25,0.0,PRIV,0
100138056,0,18.0,F,LURIN,LIMA ,LIMA,Madre,3,3,SI,NO,MenosDe18,0.0,PRIV,1
100138059,1,18.0,M,COMAS,LIMA ,LIMA,Apoderado,12,18,SI,SI,MenosDe18,0.0,PRIV,0
100138063,0,18.0,F,CHORRILLOS,LIMA ,LIMA,Madre,0,0,NO,NO,MenosDe18,0.0,PRIV,0
100138087,1,18.0,M,CARAZ,HUAYLAS,ÁNCASH,Apoderado,9,9,SI,NO,MenosDe18,0.0,PRIV,1
100138100,0,18.0,M,SANTA ANITA,LIMA ,LIMA,Apoderado,6,3,NO,NO,MenosDe18,0.0,PRIV,0
100138135,0,28.0,F,COMAS,LIMA ,LIMA,Alumno,0,0,NO,NO,Mayor25,0.0,PRIV,0
100138138,0,27.0,M,SAN JUAN DE MIRAFLORES,LIMA ,LIMA,Alumno,6,3,SI,NO,Mayor25,0.0,PRIV,0
100138142,0,18.0,M,LIMA,LIMA ,LIMA,Apoderado,2,0,NO,NO,MenosDe18,0.0,PRIV,0
100138143,0,20.0,F,LOS OLIVOS,LIMA ,LIMA,Alumno,6,3,SI,NO,Entre18y25,0.0,PRIV,0
100138147,0,18.0,F,MIRAFLORES,LIMA ,LIMA,Padre,6,3,NO,NO,MenosDe18,0.0,PRIV,0
100138151,0,18.0,F,CHORRILLOS,LIMA ,LIMA,Madre,0,0,NO,NO,MenosDe18,0.0,PRIV,0
100138153,1,18.0,M,COMAS,LIMA ,LIMA,Madre,6,12,SI,SI,MenosDe18,0.0,PUBL,1
100138154,0,19.0,M,VENTANILLA,PROV. CONST. DEL CALLAO,CALLAO,Alumno,6,0,SI,NO,Entre18y25,0.0,PRIV,0
100138155,1,23.0,F,PUENTE PIEDRA,LIMA ,LIMA,Alumno,9,9,SI,NO,Entre18y25,0.0,PRIV,1
100138156,0,23.0,M,LOS OLIVOS,LIMA ,LIMA,Alumno,0,0,NO,NO,Entre18y25,0.0,PRIV,0
100138158,0,18.0,F,SAN MARTÍN DE PORRES,LIMA ,LIMA,Apoderado,9,6,SI,NO,MenosDe18,0.0,PRIV,1
100138172,0,16.0,F,LURIGANCHO,LIMA ,LIMA,Madre,0,0,NO,NO,MenosDe18,0.0,PRIV,0
100138185,1,32.0,M,SAN MARTÍN DE PORRES,LIMA ,LIMA,Alumno,18,18,SI,SI,Mayor25,0.0,PRIV,1
100138191,0,18.0,F,VENTANILLA,PROV. CONST. DEL CALLAO,CALLAO,Apoderado,6,6,SI,NO,MenosDe18,0.0,PRIV,0
100138222,0,18.0,M,BREÑA,LIMA ,LIMA,Padre,6,0,NO,NO,MenosDe18,0.0,PUBL,0
100138225,1,18.0,M,VILLA MARÍA DEL TRIUNFO,LIMA ,LIMA,Madre,6,6,SI,NO,MenosDe18,0.0,PUBL,0
100138227,0,22.0,M,CALLAO,PROV. CONST. DEL CALLAO,CALLAO,Alumno,0,0,NO,NO,Entre18y25,0.0,PRIV,0
100138228,0,17.0,M,SANTIAGO DE SURCO,LIMA ,LIMA,Madre,2,0,NO,NO,MenosDe18,0.0,PRIV,0
100138257,0,17.0,F,COMAS,LIMA ,LIMA,Madre,0,0,NO,NO,MenosDe18,0.0,PRIV,0
100138268,0,18.0,M,RÍMAC,LIMA ,LIMA,Padre,2,0,NO,NO,MenosDe18,0.0,PRIV,1
100138270,1,17.0,F,PACHACAMAC,LIMA ,LIMA,Madre,9,21,SI,NO,MenosDe18,1.0,PRIV,1
100138272,1,17.0,M,EL AGUSTINO,LIMA ,LIMA,Padre,12,18,SI,NO,MenosDe18,0.0,PRIV,1
100138274,0,17.0,F,ATE,LIMA ,LIMA,Padre,3,0,NO,NO,MenosDe18,0.0,PRIV,0
100138278,1,22.0,F,SAN JUAN DE MIRAFLORES,LIMA ,LIMA,Alumno,9,9,SI,NO,Entre18y25,0.0,PRIV,0
100138282,1,24.0,F,SAN JUAN DE MIRAFLORES,LIMA ,LIMA,Alumno,18,18,SI,SI,Entre18y25,0.0,PRIV,1
100138283,1,18.0,F,INDEPENDENCIA,PISCO ,ICA,Apoderado,6,6,SI,NO,MenosDe18,0.0,PRIV,1
100138284,1,22.0,M,SAN JUAN DE LURIGANCHO,LIMA ,LIMA,Alumno,12,6,SI,NO,Entre18y25,0.0,PUBL,1
100138287,0,21.0,F,SAN JUAN DE LURIGANCHO,LIMA ,LIMA,Alumno,0,0,NO,NO,Entre18y25,0.0,PRIV,0
100138289,0,17.0,F,COMAS,LIMA ,LIMA,Madre,3,0,SI,NO,MenosDe18,0.0,PRIV,0
100138320,1,27.0,F,SAN JUAN DE MIRAFLORES,LIMA ,LIMA,Alumno,18,18,SI,SI,Mayor25,0.0,PRIV,1
100138332,1,18.0,M,HUARAL,HUARAL ,LIMA,Apoderado,18,18,SI,SI,MenosDe18,0.0,PUBL,1
100138350,0,19.0,F,SAN JUAN DE MIRAFLORES,LIMA ,LIMA,Alumno,3,0,SI,NO,Entre18y25,0.0,PRIV,0
100138353,0,19.0,F,ATE,LIMA ,LIMA,Alumno,0,0,NO,NO,Entre18y25,0.0,PUBL,0
100138362,0,18.0,M,SAN JUAN DE MIRAFLORES,LIMA ,LIMA,Padre,0,2,SI,NO,MenosDe18,0.0,PUBL,1
100138377,0,19.0,F,VILLA MARÍA DEL TRIUNFO,LIMA ,LIMA,Alumno,6,0,SI,NO,Entre18y25,0.0,PUBL,0
100138395,0,36.0,F,SAN JUAN DE LURIGANCHO,LIMA ,LIMA,Alumno,0,0,NO,NO,Mayor25,0.0,PUBL,1
100138396,0,19.0,F,SAN JUAN DE LURIGANCHO,LIMA ,LIMA,Alumno,0,0,NO,NO,Entre18y25,0.0,PUBL,0
100138399,0,18.0,M,SURQUILLO,LIMA ,LIMA,Madre,6,6,NO,NO,MenosDe18,0.0,PRIV,0
100138401,1,17.0,F,COMAS,LIMA ,LIMA,Madre,15,15,SI,SI,MenosDe18,0.0,PUBL,1
100138405,0,17.0,M,LIMA,LIMA ,LIMA,Madre,0,0,NO,NO,MenosDe18,0.0,PRIV,0
100138408,0,31.0,F,LOS OLIVOS,LIMA ,LIMA,Alumno,3,3,NO,NO,Mayor25,0.0,PRIV,0
100138409,0,18.0,M,ATE,LIMA ,LIMA,Apoderado,9,3,SI,NO,MenosDe18,0.0,PRIV,0
100138412,0,17.0,M,CALLAO,PROV. CONST. DEL CALLAO,CALLAO,Madre,3,3,SI,NO,MenosDe18,0.0,PRIV,0
100138414,0,17.0,F,LURIN,LIMA ,LIMA,Madre,6,3,NO,NO,MenosDe18,0.0,PRIV,0
100138415,0,20.0,F,SAN BARTOLO,LIMA ,LIMA,Alumno,9,3,SI,NO,Entre18y25,0.0,PRIV,1
100138417,0,22.0,M,ATE,LIMA ,LIMA,Alumno,3,3,NO,NO,Entre18y25,0.0,PRIV,0
100138431,1,30.0,F,CHORRILLOS,LIMA ,LIMA,Alumno,18,18,SI,SI,Mayor25,0.0,PRIV,1
100138439,1,18.0,M,INDEPENDENCIA,LIMA ,LIMA,Apoderado,12,18,SI,NO,MenosDe18,0.0,PUBL,1
100138445,1,17.0,M,CHORRILLOS,LIMA ,LIMA,Padre,9,12,SI,NO,MenosDe18,0.0,PRIV,1
100138446,0,19.0,F,COMAS,LIMA ,LIMA,Alumno,4,0,NO,NO,Entre18y25,0.0,PUBL,0
100138452,0,19.0,F,EL AGUSTINO,LIMA ,LIMA,Alumno,3,0,NO,NO,Entre18y25,0.0,PRIV,0
100138454,0,42.0,M,ANCÓN,LIMA ,LIMA,Alumno,12,3,SI,NO,Mayor25,0.0,PUBL,1
100138460,0,19.0,F,SAN JUAN DE LURIGANCHO,LIMA ,LIMA,Alumno,3,3,SI,NO,Entre18y25,0.0,PRIV,0
100138463,0,18.0,F,ATE,LIMA ,LIMA,Apoderado,3,3,NO,NO,MenosDe18,0.0,PRIV,0
100138472,0,17.0,M,VILLA MARÍA DEL TRIUNFO,LIMA ,LIMA,Madre,4,0,NO,NO,MenosDe18,0.0,PRIV,1
100138486,1,19.0,F,VILLA EL SALVADOR,LIMA ,LIMA,Alumno,9,9,SI,NO,Entre18y25,0.0,PRIV,0
100138488,0,19.0,F,LIMA,LIMA ,LIMA,Alumno,3,3,NO,NO,Entre18y25,0.0,PRIV,0
100138491,0,20.0,M,SUPE,BARRANCA ,LIMA,Alumno,3,0,NO,NO,Entre18y25,0.0,PRIV,0
100138496,0,17.0,F,ATE,LIMA ,LIMA,Madre,9,3,SI,NO,MenosDe18,0.0,PRIV,0
100138498,0,22.0,M,SAN MARTÍN DE PORRES,LIMA ,LIMA,Alumno,2,2,NO,NO,Entre18y25,0.0,PRIV,1
100138501,0,18.0,F,SANTIAGO DE SURCO,LIMA ,LIMA,Apoderado,3,3,NO,NO,MenosDe18,0.0,PRIV,0
100138502,0,18.0,F,COMAS,LIMA ,LIMA,Apoderado,0,0,NO,NO,MenosDe18,0.0,PRIV,0
100138505,1,24.0,M,COMAS,LIMA ,LIMA,Alumno,9,9,SI,NO,Entre18y25,0.0,PRIV,1
100138508,0,23.0,F,SAN JUAN DE MIRAFLORES,LIMA ,LIMA,Alumno,0,0,NO,NO,Entre18y25,0.0,PRIV,0
100138509,0,18.0,M,LURIN,LIMA ,LIMA,Apoderado,0,2,NO,NO,MenosDe18,0.0,PRIV,0
100138519,0,20.0,F,SAN MARTÍN DE PORRES,LIMA ,LIMA,Alumno,9,0,NO,NO,Entre18y25,0.0,PRIV,0
100138521,0,19.0,F,SAN BORJA,LIMA ,LIMA,Alumno,9,3,NO,NO,Entre18y25,0.0,PRIV,0
100138523,0,18.0,F,SANTA CRUZ DE COCACHACRA,HUAROCHIRÍ ,LIMA,Madre,6,3,SI,NO,MenosDe18,1.0,PRIV,0
100138524,1,18.0,F,VILLA EL SALVADOR,LIMA ,LIMA,Madre,12,9,SI,NO,MenosDe18,0.0,PRIV,1
100138525,0,19.0,M,VILLA EL SALVADOR,LIMA ,LIMA,Alumno,9,6,SI,NO,Entre18y25,0.0,PRIV,0
100138529,0,26.0,M,ATE,LIMA ,LIMA,Alumno,9,0,NO,NO,Mayor25,0.0,PUBL,0
100138530,1,17.0,M,SAN MARCOS,HUARI,ÁNCASH,Padre,18,18,SI,SI,MenosDe18,0.0,PRIV,1
100138531,0,18.0,F,CALLAO,PROV. CONST. DEL CALLAO,CALLAO,Madre,0,0,NO,NO,MenosDe18,1.0,PRIV,0
100138543,0,23.0,F,LOS OLIVOS,LIMA ,LIMA,Alumno,9,3,SI,NO,Entre18y25,0.0,PRIV,0
100138547,1,19.0,F,VILLA MARÍA DEL TRIUNFO,LIMA ,LIMA,Alumno,3,9,SI,NO,Entre18y25,1.0,PRIV,0
100138549,1,18.0,M,SAN JUAN DE LURIGANCHO,LIMA ,LIMA,Madre,4,8,SI,NO,MenosDe18,1.0,PUBL,1
100138552,0,17.0,M,ATE,LIMA ,LIMA,Padre,6,6,SI,NO,MenosDe18,0.0,PRIV,1
100138553,1,19.0,F,ATE,LIMA ,LIMA,Alumno,18,18,SI,SI,Entre18y25,0.0,PUBL,1
100138555,0,22.0,F,CHORRILLOS,LIMA ,LIMA,Alumno,6,0,SI,NO,Entre18y25,1.0,PUBL,1
100138560,1,19.0,F,VILLA EL SALVADOR,LIMA ,LIMA,Alumno,18,18,SI,SI,Entre18y25,0.0,PRIV,1
100138591,1,19.0,F,SAN MIGUEL,LIMA ,LIMA,Apoderado,12,18,SI,NO,Entre18y25,0.0,PUBL,1
100138595,0,18.0,F,SAN MIGUEL,LIMA ,LIMA,Apoderado,0,0,NO,NO,MenosDe18,0.0,PUBL,0
100138599,0,31.0,F,VILLA EL SALVADOR,LIMA ,LIMA,Alumno,2,2,NO,NO,Mayor25,0.0,PUBL,0
100138600,0,21.0,M,VILLA MARÍA DEL TRIUNFO,LIMA ,LIMA,Alumno,3,3,SI,NO,Entre18y25,0.0,PUBL,0
100138604,0,20.0,F,COMAS,LIMA ,LIMA,Alumno,0,3,NO,NO,Entre18y25,1.0,PUBL,0
100138605,0,33.0,F,SAN JUAN DE MIRAFLORES,LIMA ,LIMA,Alumno,0,0,NO,NO,Mayor25,0.0,PUBL,0
100138609,0,17.0,M,ATE,LIMA ,LIMA,Madre,3,3,NO,NO,MenosDe18,0.0,PUBL,0
100138622,0,22.0,F,VILLA MARÍA DEL TRIUNFO,LIMA ,LIMA,Alumno,3,0,NO,NO,Entre18y25,0.0,PRIV,0
100138628,0,18.0,F,LOS OLIVOS,LIMA ,LIMA,Madre,2,2,NO,NO,MenosDe18,0.0,PRIV,1
100138631,1,20.0,F,CARABAYLLO,LIMA ,LIMA,Alumno,18,18,SI,SI,Entre18y25,0.0,PUBL,1
100138634,0,18.0,M,LIMA,LIMA ,LIMA,Apoderado,0,0,NO,NO,MenosDe18,0.0,PUBL,0
100138636,0,18.0,F,CHORRILLOS,LIMA ,LIMA,Padre,6,6,SI,NO,MenosDe18,0.0,PUBL,1
100138637,0,17.0,F,VILLA EL SALVADOR,LIMA ,LIMA,Apoderado,0,0,NO,NO,MenosDe18,0.0,PUBL,0
100138642,0,17.0,F,PUNTA HERMOSA,LIMA ,LIMA,Padre,0,0,NO,NO,MenosDe18,0.0,PRIV,0
100138644,0,16.0,M,ATE,LIMA,LIMA,Apoderado,4,4,NO,NO,MenosDe18,0.0,PUBL,1
100138645,1,17.0,F,CARABAYLLO,LIMA ,LIMA,Madre,12,6,SI,NO,MenosDe18,0.0,PRIV,0
100138668,0,20.0,F,VILLA MARÍA DEL TRIUNFO,LIMA ,LIMA,Alumno,6,3,NO,NO,Entre18y25,0.0,PUBL,0
100138690,1,17.0,F,COMAS,LIMA ,LIMA,Madre,9,9,SI,NO,MenosDe18,1.0,PRIV,0
100138691,0,18.0,F,VILLA MARÍA DEL TRIUNFO,LIMA ,LIMA,Apoderado,6,0,NO,NO,MenosDe18,0.0,PRIV,0
100138693,0,23.0,F,BARRANCA,BARRANCA ,LIMA,Alumno,0,0,NO,NO,Entre18y25,0.0,PRIV,0
100138698,1,24.0,M,PACHACAMAC,LIMA ,LIMA,Alumno,15,15,SI,SI,Entre18y25,0.0,PUBL,1
100138745,0,22.0,F,VILLA EL SALVADOR,LIMA ,LIMA,Alumno,6,3,SI,NO,Entre18y25,0.0,PRIV,0
100138762,1,17.0,M,CHORRILLOS,LIMA ,LIMA,Madre,12,15,SI,NO,MenosDe18,0.0,PRIV,1
100138767,1,26.0,M,ATE,LIMA ,LIMA,Alumno,28,28,SI,SI,Mayor25,0.0,PRIV,1
100138769,0,18.0,F,CHORRILLOS,LIMA ,LIMA,Madre,0,0,NO,NO,MenosDe18,0.0,PUBL,0
100138797,1,20.0,F,COMAS,LIMA ,LIMA,Alumno,6,6,SI,SI,Entre18y25,0.0,PRIV,1
100138798,0,18.0,M,SAN MARTÍN DE PORRES,LIMA ,LIMA,Apoderado,8,28,SI,NO,MenosDe18,0.0,PRIV,1
100138799,1,18.0,F,INDEPENDENCIA,LIMA ,LIMA,Apoderado,9,9,SI,NO,MenosDe18,0.0,PRIV,1
100138805,0,21.0,M,SAN JUAN DE MIRAFLORES,LIMA ,LIMA,Padre,0,0,NO,NO,Entre18y25,,PUBL,0
100138820,1,20.0,F,LA VICTORIA,CHICLAYO ,LAMBAYEQUE,Alumno,9,18,SI,NO,Entre18y25,1.0,PUBL,1
100138832,0,18.0,F,CHORRILLOS,LIMA ,LIMA,Apoderado,0,0,SI,NO,MenosDe18,1.0,PUBL,1
100138833,0,17.0,F,CALLAO,PROV. CONST. DEL CALLAO,CALLAO,Padre,3,0,NO,NO,MenosDe18,0.0,PRIV,0
100138834,1,19.0,F,SAN JUAN DE LURIGANCHO,LIMA ,LIMA,Alumno,21,21,SI,SI,Entre18y25,0.0,PRIV,0
100138838,0,20.0,F,EL AGUSTINO,LIMA ,LIMA,Alumno,6,3,SI,NO,Entre18y25,0.0,PRIV,0
100138841,0,19.0,M,PISCO,PISCO ,ICA,Alumno,3,3,NO,NO,Entre18y25,0.0,PRIV,0
100138847,0,20.0,M,SAN LUIS,LIMA ,LIMA,Alumno,3,3,SI,NO,Entre18y25,0.0,PUBL,1
100138849,0,19.0,M,CERRO COLORADO,AREQUIPA,AREQUIPA,Alumno,0,0,NO,NO,Entre18y25,0.0,PRIV,0
100138863,0,21.0,M,LOS OLIVOS,LIMA ,LIMA,Alumno,2,4,SI,NO,Entre18y25,0.0,PRIV,0
100138873,1,17.0,F,INDEPENDENCIA,LIMA ,LIMA,Padre,12,12,SI,SI,MenosDe18,0.0,PRIV,1
100138874,0,20.0,M,SAN MARTÍN DE PORRES,LIMA ,LIMA,Alumno,0,0,NO,NO,Entre18y25,,PUBL,0
100138878,1,17.0,F,LA VICTORIA,LIMA ,LIMA,Apoderado,12,9,SI,NO,MenosDe18,0.0,PUBL,0
100138879,0,17.0,M,CARABAYLLO,LIMA ,LIMA,Madre,6,3,SI,NO,MenosDe18,0.0,PUBL,0
100138890,0,19.0,F,SAN LUIS,CAÑETE ,LIMA,Alumno,6,0,NO,NO,Entre18y25,0.0,PUBL,0
100138920,0,18.0,F,BELLAVISTA,BELLAVISTA ,SAN MARTÍN,Apoderado,9,3,SI,NO,MenosDe18,0.0,PRIV,0
100138932,0,20.0,M,VILLA MARÍA DEL TRIUNFO,LIMA ,LIMA,Alumno,0,0,NO,NO,Entre18y25,0.0,PUBL,1
100138940,0,18.0,F,LOS OLIVOS,LIMA ,LIMA,Madre,6,3,NO,NO,MenosDe18,0.0,PUBL,0
100138965,0,17.0,F,CHORRILLOS,LIMA ,LIMA,Madre,3,3,NO,NO,MenosDe18,0.0,PUBL,0
100138970,0,19.0,M,CARABAYLLO,LIMA ,LIMA,Alumno,0,0,NO,NO,Entre18y25,0.0,PUBL,0
100138975,0,25.0,F,ATE,LIMA ,LIMA,Alumno,0,2,NO,NO,Mayor25,0.0,PUBL,1
100138989,0,17.0,F,CARABAYLLO,LIMA ,LIMA,Madre,2,0,NO,NO,MenosDe18,1.0,PUBL,1
100138990,0,17.0,F,PUENTE PIEDRA,LIMA ,LIMA,Madre,6,0,SI,NO,MenosDe18,0.0,PRIV,0
100138991,0,18.0,F,VENTANILLA,PROV. CONST. DEL CALLAO,CALLAO,Madre,9,3,SI,NO,MenosDe18,0.0,PRIV,0
100138999,0,19.0,F,HUANTA,HUANTA,AYACUCHO,Alumno,0,3,NO,NO,Entre18y25,0.0,PRIV,0
100139005,0,18.0,F,PUENTE PIEDRA,LIMA ,LIMA,Madre,3,0,NO,NO,MenosDe18,0.0,PUBL,0
100139008,0,17.0,M,CALLAO,PROV. CONST. DEL CALLAO,CALLAO,Padre,3,3,NO,NO,MenosDe18,0.0,PRIV,0
100139014,0,17.0,M,LURIN,LIMA ,LIMA,Madre,2,0,NO,NO,MenosDe18,0.0,PUBL,0
100139020,0,18.0,F,AYACUCHO,HUAMANGA,AYACUCHO,Apoderado,6,3,NO,NO,MenosDe18,0.0,PUBL,0
100139030,1,18.0,M,COMAS,LIMA ,LIMA,Apoderado,12,12,SI,NO,MenosDe18,0.0,PUBL,1
100139037,0,29.0,F,ATE,LIMA ,LIMA,Alumno,0,0,NO,NO,Mayor25,0.0,PUBL,0
100139046,0,18.0,F,COMAS,LIMA ,LIMA,Apoderado,6,0,SI,NO,MenosDe18,0.0,PUBL,0
100139050,0,18.0,M,LOS OLIVOS,LIMA ,LIMA,Apoderado,0,0,NO,NO,MenosDe18,0.0,PUBL,0
100139063,0,18.0,M,SANTIAGO DE SURCO,LIMA ,LIMA,Padre,0,3,SI,NO,MenosDe18,0.0,PUBL,0
100139070,1,17.0,F,SAN MARTÍN DE PORRES,LIMA ,LIMA,Madre,12,9,SI,NO,MenosDe18,1.0,PRIV,0
100139074,0,21.0,M,ATE,LIMA ,LIMA,Alumno,0,0,NO,NO,Entre18y25,0.0,PUBL,0
100139080,0,18.0,F,COMAS,LIMA ,LIMA,Madre,0,0,NO,NO,MenosDe18,0.0,PRIV,0
100139083,1,18.0,M,LOS OLIVOS,LIMA ,LIMA,Madre,9,9,SI,NO,MenosDe18,0.0,PUBL,1
100139102,1,17.0,M,LIMA,LIMA ,LIMA,Madre,18,18,SI,SI,MenosDe18,0.0,PUBL,1
100139103,0,28.0,M,SAN BORJA,LIMA ,LIMA,Alumno,0,0,NO,NO,Mayor25,0.0,PUBL,0
100139108,0,21.0,M,LOS OLIVOS,LIMA ,LIMA,Alumno,3,3,NO,NO,Entre18y25,0.0,PUBL,1
100139149,0,27.0,F,VILLA MARÍA DEL TRIUNFO,LIMA ,LIMA,Alumno,3,0,NO,NO,Mayor25,0.0,PUBL,0
100139151,0,21.0,F,SANTA ROSA DE QUIVES,CANTA ,LIMA,Alumno,6,3,SI,NO,Entre18y25,0.0,PUBL,0
100139154,0,18.0,F,ATE,LIMA ,LIMA,Apoderado,3,6,NO,NO,MenosDe18,0.0,PUBL,0
100139160,1,18.0,M,BREÑA,LIMA ,LIMA,Apoderado,12,18,SI,NO,MenosDe18,0.0,PUBL,1
100139161,0,23.0,F,PUENTE PIEDRA,LIMA ,LIMA,Alumno,6,2,SI,NO,Entre18y25,0.0,PUBL,0
100139169,1,43.0,F,VILLA EL SALVADOR,LIMA ,LIMA,Alumno,6,0,SI,NO,Mayor25,0.0,PUBL,0
100139181,0,18.0,M,PUENTE PIEDRA,LIMA ,LIMA,Madre,4,0,SI,NO,MenosDe18,0.0,PUBL,0
100139195,0,18.0,F,INDEPENDENCIA,LIMA ,LIMA,Padre,6,3,SI,NO,MenosDe18,0.0,PUBL,1
100139236,1,17.0,M,PUENTE PIEDRA,LIMA ,LIMA,Madre,15,18,SI,SI,MenosDe18,0.0,PUBL,1
100139237,0,19.0,F,CHORRILLOS,LIMA ,LIMA,Alumno,3,0,NO,NO,Entre18y25,0.0,PRIV,0
100139238,1,17.0,F,VILLA MARÍA DEL TRIUNFO,LIMA ,LIMA,Padre,9,18,SI,NO,MenosDe18,0.0,PUBL,1
100139257,0,27.0,F,SAN JUAN DE MIRAFLORES,LIMA ,LIMA,Alumno,0,0,NO,NO,Mayor25,0.0,PRIV,1
100139261,0,19.0,F,VILLA MARÍA DEL TRIUNFO,LIMA ,LIMA,Alumno,0,0,NO,NO,Entre18y25,0.0,PRIV,0
100139264,0,20.0,F,COMAS,LIMA ,LIMA,Alumno,0,0,NO,NO,Entre18y25,0.0,PUBL,0
100139265,0,17.0,F,VENTANILLA,PROV. CONST. DEL CALLAO,CALLAO,Padre,0,0,NO,NO,MenosDe18,0.0,PUBL,0
100139267,0,21.0,M,LURIGANCHO,LIMA ,LIMA,Alumno,0,0,NO,NO,Entre18y25,0.0,PRIV,0
100139279,0,18.0,F,ASIA,CAÑETE ,LIMA,Apoderado,6,6,SI,NO,MenosDe18,0.0,PRIV,0
100139283,0,17.0,F,ANCÓN,LIMA ,LIMA,Madre,3,0,NO,NO,MenosDe18,0.0,PUBL,0
100139284,0,18.0,M,LIMA,LIMA ,LIMA,Apoderado,2,0,NO,NO,MenosDe18,0.0,PUBL,0
100139286,0,18.0,F,ANCÓN,LIMA ,LIMA,Apoderado,3,3,SI,NO,MenosDe18,0.0,PRIV,1
100139291,0,18.0,F,COMAS,LIMA ,LIMA,Padre,0,0,NO,NO,MenosDe18,1.0,PRIV,1
100139298,0,25.0,M,LURIN,LIMA ,LIMA,Alumno,9,6,NO,NO,Mayor25,0.0,PRIV,0
100139313,0,18.0,M,MAGDALENA DEL MAR,LIMA ,LIMA,Madre,9,6,SI,NO,MenosDe18,1.0,PRIV,0
100139317,1,34.0,F,JESÚS MARÍA,LIMA ,LIMA,Alumno,3,9,SI,NO,Mayor25,0.0,PUBL,1
100139319,0,18.0,F,LURIGANCHO,LIMA ,LIMA,Madre,0,0,NO,NO,MenosDe18,0.0,PUBL,0
100139322,0,18.0,M,VILLA EL SALVADOR,LIMA ,LIMA,Apoderado,9,0,SI,NO,MenosDe18,0.0,PUBL,0
100139323,0,20.0,F,LURIGANCHO,LIMA ,LIMA,Alumno,2,2,NO,NO,Entre18y25,0.0,PUBL,0
100139333,0,19.0,F,MIRAFLORES,LIMA ,LIMA,Alumno,6,3,NO,NO,Entre18y25,1.0,PRIV,0
100139342,0,20.0,M,PACHACAMAC,LIMA ,LIMA,Alumno,4,4,SI,NO,Entre18y25,0.0,PRIV,0
100139348,0,18.0,F,PUENTE PIEDRA,LIMA ,LIMA,Madre,0,0,NO,NO,MenosDe18,0.0,PUBL,0
100139349,0,19.0,M,CALLAO,PROV. CONST. DEL CALLAO,CALLAO,Alumno,3,3,SI,NO,Entre18y25,0.0,PUBL,0
100139352,0,18.0,F,CARABAYLLO,LIMA ,LIMA,Padre,6,6,SI,NO,MenosDe18,1.0,PUBL,1
100139354,1,19.0,M,SAN JUAN DE MIRAFLORES,LIMA ,LIMA,Alumno,18,18,SI,SI,Entre18y25,0.0,PUBL,1
100139357,0,19.0,F,SULLANA,SULLANA ,PIURA,Alumno,3,0,NO,NO,Entre18y25,0.0,PUBL,0
100139358,0,22.0,M,VILLA EL SALVADOR,LIMA ,LIMA,Alumno,0,0,NO,NO,Entre18y25,0.0,PUBL,0
100139361,0,18.0,F,ANCÓN,LIMA ,LIMA,Apoderado,3,0,NO,NO,MenosDe18,0.0,PUBL,1
100139364,0,17.0,M,LURIN,LIMA ,LIMA,Apoderado,6,0,SI,NO,MenosDe18,0.0,PRIV,0
100139365,0,17.0,F,LOS OLIVOS,LIMA ,LIMA,Padre,0,0,NO,NO,MenosDe18,0.0,PUBL,0
100139366,0,21.0,F,ATE,LIMA ,LIMA,Alumno,0,0,NO,NO,Entre18y25,0.0,PUBL,0
100139369,1,21.0,M,SAN MARTÍN DE PORRES,LIMA ,LIMA,Alumno,12,6,SI,NO,Entre18y25,0.0,PUBL,0
100139377,0,18.0,M,HUARAL,HUARAL ,LIMA,Apoderado,8,4,SI,NO,MenosDe18,0.0,PUBL,0
100139379,0,18.0,F,COMAS,LIMA ,LIMA,Apoderado,6,6,SI,NO,MenosDe18,0.0,PUBL,0
100139385,0,17.0,M,SANTIAGO DE SURCO,LIMA ,LIMA,Madre,0,0,NO,NO,MenosDe18,1.0,PRIV,0
100139392,0,22.0,F,PUNTA HERMOSA,LIMA ,LIMA,Alumno,6,0,NO,NO,Entre18y25,1.0,PRIV,0
100139398,1,20.0,F,SAN ISIDRO,LIMA ,LIMA,Alumno,12,15,SI,NO,Entre18y25,1.0,PUBL,1
100139405,0,19.0,F,SANTIAGO DE SURCO,LIMA ,LIMA,Alumno,0,0,NO,NO,Entre18y25,0.0,PUBL,0
100139408,0,22.0,F,PACHACAMAC,LIMA ,LIMA,Alumno,2,2,NO,NO,Entre18y25,0.0,PUBL,1
100139421,0,17.0,F,VILLA EL SALVADOR,LIMA ,LIMA,Madre,9,6,SI,NO,MenosDe18,0.0,PUBL,1
100139424,0,17.0,F,VILLA EL SALVADOR,LIMA ,LIMA,Madre,3,0,NO,NO,MenosDe18,0.0,PUBL,0
100139443,0,17.0,F,LA MOLINA,LIMA ,LIMA,Padre,9,0,NO,NO,MenosDe18,0.0,PUBL,0
100139448,0,17.0,F,SAN MARTÍN DE PORRES,LIMA ,LIMA,Padre,3,0,NO,NO,MenosDe18,1.0,PUBL,0
100139462,0,21.0,F,LOS OLIVOS,LIMA ,LIMA,Madre,0,0,SI,NO,Entre18y25,0.0,PUBL,0
100139465,1,18.0,M,BELLAVISTA,PROV. CONST. DEL CALLAO,CALLAO,Apoderado,12,6,SI,NO,MenosDe18,0.0,PUBL,1
100139467,0,17.0,F,ATE,LIMA ,LIMA,Madre,3,0,NO,NO,MenosDe18,0.0,PUBL,0
100139475,0,20.0,F,CHORRILLOS,LIMA ,LIMA,Alumno,3,0,NO,NO,Entre18y25,0.0,PUBL,0
100139479,1,29.0,M,LIMA,LIMA ,LIMA,Alumno,6,9,SI,NO,Mayor25,0.0,PRIV,1
100139493,0,17.0,F,RÍMAC,LIMA ,LIMA,Madre,0,0,NO,NO,MenosDe18,0.0,PUBL,0
100139508,1,17.0,M,VILLA MARÍA DEL TRIUNFO,LIMA ,LIMA,Apoderado,4,8,SI,NO,MenosDe18,0.0,PUBL,1
100139516,0,18.0,M,LOS OLIVOS,LIMA ,LIMA,Madre,9,0,SI,NO,MenosDe18,0.0,PUBL,0
100139530,0,22.0,M,MIRAFLORES,LIMA ,LIMA,Alumno,6,9,SI,NO,Entre18y25,0.0,PUBL,0
100139538,0,19.0,F,QUILMANA,CAÑETE ,LIMA,Padre,3,0,NO,NO,Entre18y25,0.0,PRIV,1
100139542,0,17.0,F,LOS OLIVOS,LIMA ,LIMA,Apoderado,0,0,NO,NO,MenosDe18,0.0,PUBL,0
100139548,0,22.0,F,SAN JUAN DE LURIGANCHO,LIMA ,LIMA,Alumno,6,0,SI,NO,Entre18y25,0.0,PUBL,0
100139549,0,20.0,F,ATE,LIMA ,LIMA,Apoderado,6,0,NO,NO,Entre18y25,1.0,PUBL,0
100139562,1,17.0,F,VILLA MARÍA DEL TRIUNFO,LIMA ,LIMA,Madre,9,9,SI,NO,MenosDe18,0.0,PUBL,1
100139564,0,19.0,F,PANGOA,SATIPO ,JUNÍN,Alumno,0,0,NO,NO,Entre18y25,0.0,PUBL,0
100139574,0,18.0,F,CARABAYLLO,LIMA ,LIMA,Apoderado,0,0,NO,NO,MenosDe18,0.0,PUBL,0
100139576,0,23.0,F,SANTA ANITA,LIMA ,LIMA,Alumno,2,0,NO,NO,Entre18y25,1.0,PUBL,0
100139587,0,19.0,M,CHORRILLOS,LIMA ,LIMA,Alumno,0,0,SI,NO,Entre18y25,0.0,PUBL,0
100139589,0,18.0,M,LIMA,LIMA ,LIMA,Apoderado,0,0,NO,NO,MenosDe18,0.0,PRIV,0
100139595,0,18.0,M,SAN BORJA,LIMA ,LIMA,Madre,3,3,NO,NO,MenosDe18,0.0,PUBL,0
100139600,0,18.0,F,LIMA,LIMA ,LIMA,Apoderado,3,3,NO,NO,MenosDe18,0.0,PRIV,0
100139605,1,19.0,F,RÍMAC,LIMA ,LIMA,Alumno,9,18,SI,NO,Entre18y25,1.0,PRIV,1
100139607,1,17.0,M,LURIGANCHO,LIMA ,LIMA,Apoderado,12,9,SI,NO,MenosDe18,0.0,PUBL,1
100139613,0,17.0,F,LIMA,LIMA ,LIMA,Madre,9,6,SI,NO,MenosDe18,0.0,PRIV,0
100139618,0,18.0,M,LURIN,LIMA ,LIMA,Madre,0,0,NO,NO,MenosDe18,0.0,PUBL,0
100139628,1,17.0,F,CHORRILLOS,LIMA ,LIMA,Madre,9,21,SI,NO,MenosDe18,0.0,PUBL,1
100139630,0,23.0,M,CARABAYLLO,LIMA ,LIMA,Alumno,4,2,NO,NO,Entre18y25,0.0,PUBL,1
100139656,0,17.0,F,SAN MARTÍN DE PORRES,LIMA ,LIMA,Madre,0,0,NO,NO,MenosDe18,0.0,PUBL,0
100139662,0,41.0,M,PUEBLO LIBRE,LIMA ,LIMA,Alumno,6,3,SI,NO,Mayor25,0.0,PRIV,0
100139902,0,21.0,M,VILLA EL SALVADOR,LIMA ,LIMA,Alumno,3,6,SI,NO,Entre18y25,0.0,PRIV,1
100139910,0,18.0,M,ATE,LIMA ,LIMA,Madre,6,3,SI,NO,MenosDe18,1.0,PUBL,0
100139917,0,18.0,M,VILLA EL SALVADOR,LIMA ,LIMA,Apoderado,0,3,NO,NO,MenosDe18,0.0,PUBL,0
100139928,0,17.0,F,LOS OLIVOS,LIMA ,LIMA,Madre,6,3,NO,NO,MenosDe18,0.0,PUBL,0
100139949,0,19.0,M,PUENTE PIEDRA,LIMA ,LIMA,Alumno,6,6,SI,NO,Entre18y25,0.0,PUBL,1
100139959,0,22.0,F,BARRANCA,BARRANCA ,LIMA,Alumno,0,0,NO,NO,Entre18y25,0.0,PUBL,0
100139962,0,17.0,M,SAN JUAN DE MIRAFLORES,LIMA ,LIMA,Madre,0,0,SI,NO,MenosDe18,0.0,PUBL,0
100139969,1,17.0,M,SAN MARTÍN DE PORRES,LIMA ,LIMA,Madre,12,12,SI,NO,MenosDe18,0.0,PUBL,1
100139977,0,21.0,F,MAGDALENA DEL MAR,LIMA ,LIMA,Alumno,15,12,SI,NO,Entre18y25,1.0,PUBL,0
100139993,1,22.0,F,PACHACAMAC,LIMA ,LIMA,Alumno,9,18,SI,NO,Entre18y25,0.0,PRIV,1
100139994,0,18.0,M,VILLA EL SALVADOR,LIMA ,LIMA,Apoderado,0,0,NO,NO,MenosDe18,0.0,PRIV,0
100140008,0,18.0,M,CHORRILLOS,LIMA ,LIMA,Padre,4,2,SI,NO,MenosDe18,0.0,PRIV,0
100140009,0,23.0,F,SAN JUAN DE MIRAFLORES,LIMA ,LIMA,Alumno,3,0,NO,NO,Entre18y25,0.0,PRIV,1
100140010,0,23.0,F,SAN JUAN DE MIRAFLORES,LIMA ,LIMA,Alumno,3,0,NO,NO,Entre18y25,0.0,PRIV,0
100140022,0,17.0,F,COMAS,LIMA ,LIMA,Madre,9,0,SI,NO,MenosDe18,0.0,PRIV,0
100140024,0,28.0,F,SAN BORJA,LIMA ,LIMA,Alumno,9,3,NO,NO,Mayor25,0.0,PRIV,0
100140027,0,18.0,M,CHORRILLOS,LIMA ,LIMA,Madre,0,0,NO,NO,MenosDe18,0.0,PRIV,0
100140035,0,20.0,M,CARABAYLLO,LIMA ,LIMA,Alumno,0,10,SI,NO,Entre18y25,0.0,PRIV,1
100140039,1,18.0,F,VILLA EL SALVADOR,LIMA ,LIMA,Padre,12,18,SI,SI,MenosDe18,0.0,PRIV,1
100140047,1,21.0,M,PUENTE PIEDRA,LIMA ,LIMA,Alumno,15,18,SI,SI,Entre18y25,0.0,PRIV,1
100140048,0,17.0,F,CARABAYLLO,LIMA ,LIMA,Padre,9,3,SI,NO,MenosDe18,0.0,PRIV,0
100140056,0,27.0,F,CALLAO,PROV. CONST. DEL CALLAO,CALLAO,Alumno,18,18,SI,SI,Mayor25,0.0,PRIV,0
100140065,0,23.0,M,LURIGANCHO,LIMA ,LIMA,Alumno,0,0,SI,NO,Entre18y25,0.0,PUBL,1
100140079,1,19.0,M,CHORRILLOS,LIMA ,LIMA,Alumno,15,18,SI,SI,Entre18y25,0.0,PUBL,1
100140103,0,18.0,F,LOS OLIVOS,LIMA ,LIMA,Apoderado,0,3,NO,NO,MenosDe18,0.0,PUBL,0
100140164,0,19.0,F,CHORRILLOS,LIMA ,LIMA,Alumno,9,3,SI,NO,Entre18y25,0.0,PRIV,0
100140180,0,17.0,M,COMAS,LIMA ,LIMA,Padre,3,0,NO,NO,MenosDe18,1.0,PRIV,0
100140183,0,26.0,F,AUCALLAMA,HUARAL ,LIMA,Alumno,3,3,NO,NO,Mayor25,0.0,PRIV,0
100140202,0,23.0,M,COMAS,LIMA ,LIMA,Alumno,0,0,SI,NO,Entre18y25,0.0,PRIV,0
100140205,0,17.0,F,COMAS,LIMA ,LIMA,Madre,9,3,SI,NO,MenosDe18,0.0,PRIV,0
100140212,1,17.0,F,COMAS,LIMA ,LIMA,Padre,9,18,SI,NO,MenosDe18,0.0,PRIV,1
100140227,0,22.0,F,VILLA EL SALVADOR,LIMA ,LIMA,Alumno,9,3,SI,NO,Entre18y25,0.0,PRIV,0
100140229,0,20.0,F,SAN MARTÍN DE PORRES,LIMA ,LIMA,Alumno,9,3,SI,NO,Entre18y25,0.0,PRIV,0
100140232,1,35.0,F,ATE,LIMA ,LIMA,Alumno,6,6,SI,NO,Mayor25,0.0,PRIV,1
100140239,0,19.0,F,ATE,LIMA ,LIMA,Alumno,6,0,NO,NO,Entre18y25,0.0,PRIV,0
100140267,0,21.0,M,LOS OLIVOS,LIMA ,LIMA,Alumno,0,0,NO,NO,Entre18y25,0.0,PRIV,0
100140281,0,17.0,F,VILLA EL SALVADOR,LIMA ,LIMA,Apoderado,3,0,NO,NO,MenosDe18,0.0,PUBL,0
100140303,0,19.0,F,SANTIAGO DE SURCO,LIMA ,LIMA,Alumno,4,4,SI,NO,Entre18y25,0.0,PRIV,1
100140323,0,18.0,F,COMAS,LIMA ,LIMA,Apoderado,0,0,NO,NO,MenosDe18,0.0,PRIV,1
100140325,0,18.0,F,VILLA EL SALVADOR,LIMA ,LIMA,Padre,9,0,NO,NO,MenosDe18,0.0,PRIV,0
100140418,0,18.0,F,LOS OLIVOS,LIMA ,LIMA,Padre,6,6,NO,NO,MenosDe18,0.0,PRIV,1
100140421,0,23.0,M,PUENTE PIEDRA,LIMA ,LIMA,Alumno,4,0,NO,NO,Entre18y25,1.0,PRIV,0
100140453,0,17.0,F,VILLA EL SALVADOR,LIMA ,LIMA,Madre,6,0,NO,NO,MenosDe18,0.0,PRIV,0
100140464,0,20.0,F,LURIN,LIMA ,LIMA,Alumno,3,0,NO,NO,Entre18y25,0.0,PRIV,0
100140470,0,25.0,M,LOS OLIVOS,LIMA ,LIMA,Madre,6,6,SI,NO,Mayor25,0.0,PRIV,0
100140472,0,21.0,F,PUENTE PIEDRA,LIMA ,LIMA,Alumno,3,3,SI,NO,Entre18y25,0.0,PRIV,0
100140474,1,20.0,F,CARABAYLLO,LIMA ,LIMA,Madre,4,8,NO,NO,Entre18y25,1.0,PUBL,1
100140485,1,19.0,F,COMAS,LIMA ,LIMA,Alumno,15,9,SI,NO,Entre18y25,0.0,PRIV,1
100140505,1,19.0,M,LURIN,LIMA ,LIMA,Madre,6,9,SI,NO,Entre18y25,0.0,PRIV,0
100140512,1,22.0,M,SAN MARTÍN DE PORRES,LIMA ,LIMA,Alumno,6,6,NO,NO,Entre18y25,0.0,PRIV,0
100140514,0,21.0,M,SANTA ANITA,LIMA ,LIMA,Alumno,6,6,SI,NO,Entre18y25,0.0,PRIV,0
100140518,0,18.0,M,VILLA MARÍA DEL TRIUNFO,LIMA ,LIMA,Madre,3,3,SI,NO,MenosDe18,0.0,PRIV,0
100140520,0,18.0,F,PUNTA NEGRA,LIMA ,LIMA,Padre,6,0,SI,NO,MenosDe18,0.0,PRIV,0
100140539,1,19.0,M,CHORRILLOS,LIMA ,LIMA,Alumno,9,18,SI,NO,Entre18y25,0.0,PUBL,1
100140542,0,18.0,M,SAN JUAN DE LURIGANCHO,LIMA ,LIMA,Apoderado,0,0,NO,NO,MenosDe18,,PRIV,0
100140551,0,23.0,M,CARABAYLLO,LIMA ,LIMA,Alumno,2,0,NO,NO,Entre18y25,0.0,PRIV,1
100140555,0,18.0,M,EL AGUSTINO,LIMA ,LIMA,Madre,3,3,SI,NO,MenosDe18,0.0,PRIV,0
100140556,0,18.0,M,SANTIAGO DE SURCO,LIMA ,LIMA,Apoderado,3,0,NO,NO,MenosDe18,1.0,PRIV,0
100140557,0,18.0,M,PUENTE PIEDRA,LIMA ,LIMA,Madre,6,0,SI,NO,MenosDe18,0.0,PRIV,0
100140558,0,18.0,F,AYACUCHO,HUAMANGA,AYACUCHO,Apoderado,6,3,NO,NO,MenosDe18,0.0,PRIV,0
100140563,0,19.0,M,PUENTE PIEDRA,LIMA ,LIMA,Alumno,0,3,NO,NO,Entre18y25,0.0,PRIV,0
100140569,0,19.0,F,CHORRILLOS,LIMA ,LIMA,Alumno,6,3,SI,NO,Entre18y25,0.0,PRIV,0
100140570,0,17.0,M,CHORRILLOS,LIMA ,LIMA,Madre,3,0,NO,NO,MenosDe18,0.0,PRIV,0
100140571,0,19.0,M,ATE,LIMA ,LIMA,Alumno,0,3,SI,NO,Entre18y25,0.0,PRIV,0
100140574,0,25.0,F,VILLA EL SALVADOR,LIMA ,LIMA,Alumno,0,0,NO,NO,Mayor25,0.0,PRIV,0
100140575,0,18.0,F,ATE,LIMA ,LIMA,Apoderado,0,3,NO,NO,MenosDe18,1.0,PRIV,0
100140582,1,17.0,F,SANTIAGO DE SURCO,LIMA ,LIMA,Padre,12,9,SI,NO,MenosDe18,1.0,PUBL,1
100140588,0,18.0,F,PACHACAMAC,LIMA ,LIMA,Apoderado,3,6,NO,NO,MenosDe18,1.0,PRIV,0
100140595,1,20.0,M,VILLA MARÍA DEL TRIUNFO,LIMA ,LIMA,Alumno,9,18,SI,NO,Entre18y25,0.0,PRIV,1
100140604,0,32.0,F,SAN MIGUEL,LIMA ,LIMA,Alumno,0,3,NO,NO,Mayor25,1.0,PRIV,0
100140608,0,18.0,F,BAGUA GRANDE,UTCUBAMBA,AMAZONAS,Madre,3,0,SI,NO,MenosDe18,1.0,PRIV,0
100140614,1,27.0,F,SAN JUAN DE MIRAFLORES,LIMA ,LIMA,Alumno,6,6,SI,NO,Mayor25,1.0,PRIV,1
100140616,1,32.0,M,CHANCAY,HUARAL ,LIMA,Alumno,0,0,NO,NO,Mayor25,0.0,PUBL,1
100140627,0,20.0,M,VILLA EL SALVADOR,LIMA ,LIMA,Alumno,0,0,NO,NO,Entre18y25,0.0,PUBL,1
100140628,0,18.0,M,LOS OLIVOS,LIMA ,LIMA,Madre,3,0,NO,NO,MenosDe18,0.0,PRIV,0
100140629,0,20.0,F,PUENTE PIEDRA,LIMA ,LIMA,Alumno,3,0,NO,NO,Entre18y25,0.0,PRIV,0
100140636,0,20.0,F,AUCALLAMA,HUARAL ,LIMA,Alumno,3,0,NO,NO,Entre18y25,0.0,PUBL,0
100140648,0,18.0,F,SANTIAGO DE SURCO,LIMA ,LIMA,Padre,0,3,NO,NO,MenosDe18,0.0,PRIV,0
100140650,0,24.0,M,SAN MARTÍN DE PORRES,LIMA ,LIMA,Alumno,0,0,NO,NO,Entre18y25,1.0,PUBL,0
100140652,0,19.0,M,LIMA,LIMA ,LIMA,Alumno,3,0,SI,NO,Entre18y25,0.0,PRIV,0
100140654,0,22.0,F,AUCALLAMA,HUARAL ,LIMA,Alumno,0,0,NO,NO,Entre18y25,0.0,PRIV,0
100140655,0,28.0,F,SAN JUAN DE LURIGANCHO,LIMA ,LIMA,Alumno,0,0,NO,NO,Mayor25,0.0,PRIV,0
100140657,1,19.0,M,LURIN,LIMA ,LIMA,Alumno,12,15,SI,NO,Entre18y25,1.0,PUBL,0
100140664,1,17.0,F,CARABAYLLO,LIMA ,LIMA,Padre,15,15,SI,SI,MenosDe18,1.0,PRIV,1
100140668,0,18.0,F,PUENTE PIEDRA,LIMA ,LIMA,Apoderado,3,0,SI,NO,MenosDe18,0.0,PUBL,0
100140672,0,18.0,M,COMAS,LIMA ,LIMA,Madre,0,2,NO,NO,MenosDe18,0.0,PUBL,0
100140677,0,18.0,M,SAN JUAN DE LURIGANCHO,LIMA ,LIMA,Apoderado,9,0,SI,NO,MenosDe18,0.0,PUBL,0
100140704,0,17.0,F,SANTIAGO DE SURCO,LIMA ,LIMA,Madre,15,6,SI,NO,MenosDe18,0.0,PUBL,0
100140710,1,18.0,F,RÍMAC,LIMA ,LIMA,Padre,15,12,SI,NO,MenosDe18,0.0,PUBL,0
100140712,0,20.0,F,SAN MARTÍN DE PORRES,LIMA ,LIMA,Alumno,3,0,SI,NO,Entre18y25,0.0,PUBL,0
100140729,0,19.0,F,VILLA MARÍA DEL TRIUNFO,LIMA ,LIMA,Alumno,9,0,NO,NO,Entre18y25,0.0,PRIV,0
100140768,0,19.0,M,SAN JUAN DE LURIGANCHO,LIMA ,LIMA,Alumno,3,6,SI,NO,Entre18y25,0.0,PUBL,1
100140779,1,20.0,F,CHORRILLOS,LIMA ,LIMA,Alumno,6,9,SI,NO,Entre18y25,0.0,PUBL,0
100140790,0,20.0,F,SAN MIGUEL,LIMA ,LIMA,Alumno,3,3,SI,NO,Entre18y25,1.0,PRIV,0
100140791,1,17.0,F,ATE,LIMA ,LIMA,Madre,18,18,SI,SI,MenosDe18,0.0,PRIV,1
100140793,0,21.0,F,PADRE ABAD,PADRE ABAD ,UCAYALI,Alumno,3,0,SI,NO,Entre18y25,0.0,PUBL,0
100140800,0,19.0,F,RÍMAC,LIMA ,LIMA,Alumno,2,0,NO,NO,Entre18y25,0.0,PUBL,1
100140809,1,18.0,F,LURIGANCHO,LIMA ,LIMA,Apoderado,6,18,SI,NO,MenosDe18,1.0,PRIV,1
100140819,0,19.0,F,VILLA MARÍA DEL TRIUNFO,LIMA ,LIMA,Alumno,0,0,NO,NO,Entre18y25,0.0,PUBL,0
100140822,0,21.0,F,CALLAO,PROV. CONST. DEL CALLAO,CALLAO,Alumno,9,3,SI,NO,Entre18y25,1.0,PUBL,0
100140836,0,18.0,M,PUCUSANA,LIMA ,LIMA,Apoderado,9,0,SI,NO,MenosDe18,0.0,PUBL,0
100140837,0,17.0,M,SAN JUAN DE MIRAFLORES,LIMA ,LIMA,Madre,0,0,NO,NO,MenosDe18,0.0,PUBL,0
100140840,0,19.0,M,SAN JUAN DE MIRAFLORES,LIMA ,LIMA,Alumno,2,0,SI,NO,Entre18y25,0.0,PUBL,0
100140863,0,26.0,M,LA MOLINA,LIMA ,LIMA,Alumno,0,0,NO,NO,Mayor25,0.0,PUBL,0
100140879,0,17.0,F,SAN MARTÍN DE PORRES,LIMA ,LIMA,Madre,3,0,NO,NO,MenosDe18,0.0,PUBL,0
100140888,0,18.0,M,PACHACAMAC,LIMA ,LIMA,Apoderado,6,3,SI,NO,MenosDe18,1.0,PUBL,0
100140889,0,22.0,M,LIMA,LIMA ,LIMA,Alumno,3,0,NO,NO,Entre18y25,1.0,PUBL,0
100140891,0,18.0,F,LOS OLIVOS,LIMA ,LIMA,Madre,0,3,NO,NO,MenosDe18,0.0,PUBL,0
100140893,0,18.0,F,VILLA MARÍA DEL TRIUNFO,LIMA ,LIMA,Madre,9,0,SI,NO,MenosDe18,0.0,PUBL,0
100140904,1,22.0,F,CARABAYLLO,LIMA ,LIMA,Alumno,9,12,SI,NO,Entre18y25,0.0,PUBL,0
100140913,0,17.0,F,ATE,LIMA ,LIMA,Padre,0,0,NO,NO,MenosDe18,0.0,PUBL,0
100140915,0,19.0,F,SAN JUAN BAUTISTA,HUAMANGA,AYACUCHO,Alumno,3,3,NO,NO,Entre18y25,0.0,PUBL,0
100140924,0,18.0,M,VILLA MARÍA DEL TRIUNFO,LIMA ,LIMA,Madre,0,2,NO,NO,MenosDe18,0.0,PUBL,0
100140935,0,18.0,F,ATE,LIMA ,LIMA,Apoderado,3,3,NO,NO,MenosDe18,0.0,PUBL,0
100140937,0,38.0,F,CHACLACAYO,LIMA ,LIMA,Alumno,3,0,SI,NO,Mayor25,1.0,PUBL,0
100140940,0,26.0,F,INDEPENDENCIA,LIMA ,LIMA,Alumno,0,0,NO,NO,Mayor25,1.0,PRIV,0
100140942,1,27.0,M,ATE,LIMA ,LIMA,Alumno,0,9,NO,NO,Mayor25,0.0,PUBL,1
100140954,0,18.0,M,CALLAO,PROV. CONST. DEL CALLAO,CALLAO,Apoderado,4,2,SI,NO,MenosDe18,0.0,PRIV,0
100140955,1,18.0,M,SANTA ROSA,LIMA ,LIMA,Padre,18,18,SI,SI,MenosDe18,0.0,PUBL,1
100140968,0,21.0,M,PUENTE PIEDRA,LIMA ,LIMA,Alumno,2,2,SI,NO,Entre18y25,0.0,PUBL,0
100140976,0,25.0,F,CALLAO,PROV. CONST. DEL CALLAO,CALLAO,Alumno,0,0,NO,NO,Mayor25,0.0,PRIV,0
100140984,0,17.0,F,CALLAO,PROV. CONST. DEL CALLAO,CALLAO,Madre,0,18,NO,NO,MenosDe18,0.0,PUBL,1
100140986,0,18.0,F,ATE,LIMA ,LIMA,Madre,3,0,NO,NO,MenosDe18,0.0,PUBL,0
100140992,1,16.0,M,COMAS,LIMA,LIMA,Apoderado,2,1,NO,NO,MenosDe18,,PUBL,0
100140993,0,17.0,M,CHORRILLOS,LIMA,LIMA,Apoderado,6,0,NO,NO,MenosDe18,,PUBL,1
100140994,0,17.0,M,ATE,LIMA,LIMA,Apoderado,0,0,NO,NO,MenosDe18,,PUBL,1
100140995,0,17.0,M,CHORRILLOS,LIMA,LIMA,Apoderado,0,0,NO,NO,MenosDe18,,PUBL,1
100140996,0,17.0,M,COMAS,LIMA,LIMA,Apoderado,3,0,NO,NO,MenosDe18,,PUBL,1
100140998,1,16.0,M,VILLA EL SALVADOR,LIMA,LIMA,Apoderado,15,15,SI,SI,MenosDe18,,PRIV,1
100141003,0,21.0,M,SAN JUAN DE MIRAFLORES,LIMA ,LIMA,Alumno,3,0,NO,NO,Entre18y25,0.0,PUBL,0
100141015,0,18.0,F,COMAS,LIMA ,LIMA,Apoderado,6,0,NO,NO,MenosDe18,0.0,PRIV,0
100141019,0,18.0,M,INDEPENDENCIA,LIMA ,LIMA,Padre,6,3,SI,NO,MenosDe18,0.0,PUBL,0
100141026,0,21.0,M,SANTIAGO DE SURCO,LIMA ,LIMA,Alumno,6,0,NO,NO,Entre18y25,0.0,PUBL,0
100141027,0,19.0,M,CHACLACAYO,LIMA ,LIMA,Alumno,6,3,SI,NO,Entre18y25,0.0,PUBL,0
100141028,0,21.0,F,COMAS,LIMA ,LIMA,Alumno,0,0,NO,NO,Entre18y25,0.0,PUBL,0
100141029,0,17.0,M,CHORRILLOS,LIMA ,LIMA,Madre,0,2,NO,NO,MenosDe18,0.0,PUBL,0
100141036,1,17.0,F,LIMA,LIMA ,LIMA,Madre,12,12,SI,SI,MenosDe18,1.0,PUBL,0
100141037,0,17.0,M,SAN MARTÍN DE PORRES,LIMA ,LIMA,Apoderado,8,6,SI,NO,MenosDe18,1.0,PUBL,1
100141040,0,18.0,M,BELLAVISTA,JAÉN,CAJAMARCA,Madre,6,0,SI,NO,MenosDe18,0.0,PUBL,0
100141041,0,20.0,F,LOS OLIVOS,LIMA ,LIMA,Alumno,0,0,NO,NO,Entre18y25,1.0,PUBL,0
100141051,0,17.0,M,SAN MARTÍN DE PORRES,LIMA ,LIMA,Apoderado,0,0,NO,NO,MenosDe18,0.0,PUBL,0
100141052,1,18.0,M,PUENTE PIEDRA,LIMA ,LIMA,Madre,6,9,SI,NO,MenosDe18,0.0,PUBL,1
100141054,0,29.0,F,HUARAL,HUARAL ,LIMA,Alumno,3,3,NO,NO,Mayor25,0.0,PUBL,1
100141055,1,19.0,F,SAN MARTÍN DE PORRES,LIMA ,LIMA,Alumno,9,15,SI,NO,Entre18y25,0.0,PUBL,1
100141061,0,19.0,F,VILLA MARÍA DEL TRIUNFO,LIMA ,LIMA,Alumno,8,4,SI,NO,Entre18y25,0.0,PUBL,0
100141064,1,20.0,F,VILLA EL SALVADOR,LIMA ,LIMA,Alumno,12,6,SI,NO,Entre18y25,1.0,PUBL,1
100141067,0,20.0,F,ATE,LIMA ,LIMA,Alumno,9,0,NO,NO,Entre18y25,1.0,PUBL,0
100141069,0,20.0,F,SANTIAGO DE SURCO,LIMA ,LIMA,Alumno,0,0,NO,NO,Entre18y25,0.0,PUBL,0
100141082,0,17.0,M,SAN JUAN DE LURIGANCHO,LIMA ,LIMA,Madre,0,0,NO,NO,MenosDe18,0.0,PUBL,0
100141089,0,19.0,F,SANTIAGO DE SURCO,LIMA ,LIMA,Alumno,4,0,NO,NO,Entre18y25,1.0,PRIV,0
100141090,0,19.0,F,PACHACAMAC,LIMA ,LIMA,Alumno,0,0,NO,NO,Entre18y25,0.0,PUBL,0
100141093,0,24.0,M,VILLA MARÍA DEL TRIUNFO,LIMA ,LIMA,Alumno,3,0,SI,NO,Entre18y25,1.0,PUBL,1
100141096,0,19.0,F,SAN JUAN DE MIRAFLORES,LIMA ,LIMA,Alumno,0,3,NO,NO,Entre18y25,0.0,PUBL,0
100141101,0,17.0,M,CHORRILLOS,LIMA ,LIMA,Madre,3,0,SI,NO,MenosDe18,0.0,PUBL,0
100141102,0,24.0,F,ATE,LIMA ,LIMA,Alumno,3,0,NO,NO,Entre18y25,0.0,PRIV,0
100141110,0,19.0,F,ATE,LIMA ,LIMA,Alumno,3,0,SI,NO,Entre18y25,0.0,PRIV,0
100141111,0,18.0,F,COMAS,LIMA ,LIMA,Apoderado,6,3,SI,NO,MenosDe18,0.0,PRIV,0
100141122,0,19.0,F,SAN JUAN DE MIRAFLORES,LIMA ,LIMA,Apoderado,6,6,SI,NO,Entre18y25,0.0,PRIV,0
100141129,0,31.0,M,CARABAYLLO,LIMA ,LIMA,Alumno,3,3,SI,NO,Mayor25,0.0,PRIV,0
100141131,0,19.0,M,LOS OLIVOS,LIMA ,LIMA,Alumno,0,6,NO,NO,Entre18y25,0.0,PRIV,0
100141136,1,22.0,F,SAN JUAN DE LURIGANCHO,LIMA ,LIMA,Alumno,6,6,SI,NO,Entre18y25,0.0,PRIV,0
100141140,0,18.0,M,CHORRILLOS,LIMA ,LIMA,Apoderado,9,3,SI,NO,MenosDe18,0.0,PRIV,0
100141143,0,22.0,M,RÍMAC,LIMA ,LIMA,Alumno,0,3,NO,NO,Entre18y25,0.0,PRIV,0
100141148,0,18.0,M,VILLA MARÍA DEL TRIUNFO,LIMA ,LIMA,Apoderado,0,6,NO,NO,MenosDe18,0.0,PRIV,0
100141152,1,19.0,M,VILLA EL SALVADOR,LIMA ,LIMA,Alumno,18,18,SI,SI,Entre18y25,1.0,PRIV,1
100141158,0,18.0,F,LOS OLIVOS,LIMA ,LIMA,Padre,0,3,NO,NO,MenosDe18,0.0,PRIV,0
100141165,0,16.0,M,SAN MARTÍN DE PORRES,LIMA,LIMA,Apoderado,6,3,NO,NO,MenosDe18,1.0,PRIV,0
100141168,1,21.0,F,COMAS,LIMA ,LIMA,Alumno,9,18,SI,NO,Entre18y25,1.0,PUBL,1
100141170,0,17.0,F,ATE,LIMA ,LIMA,Madre,0,0,NO,NO,MenosDe18,0.0,PRIV,0
100141182,0,19.0,M,CHORRILLOS,LIMA ,LIMA,Alumno,0,0,NO,NO,Entre18y25,1.0,PRIV,0
100141196,0,25.0,M,ATE,LIMA ,LIMA,Alumno,2,0,NO,NO,Mayor25,0.0,PRIV,0
100141199,1,18.0,F,PUENTE PIEDRA,LIMA ,LIMA,Madre,12,12,SI,NO,MenosDe18,0.0,PRIV,1
100141207,0,37.0,M,PUENTE PIEDRA,LIMA ,LIMA,Alumno,0,0,NO,NO,Mayor25,0.0,PRIV,0
100141227,1,18.0,M,ANCÓN,LIMA ,LIMA,Apoderado,12,15,SI,NO,MenosDe18,1.0,PRIV,1
100141228,0,19.0,F,SAN MARTÍN DE PORRES,LIMA ,LIMA,Alumno,3,0,SI,NO,Entre18y25,0.0,PRIV,0
100141242,0,19.0,M,VILLA MARÍA DEL TRIUNFO,LIMA ,LIMA,Alumno,0,0,NO,NO,Entre18y25,0.0,PRIV,0
100141243,0,20.0,F,VILLA EL SALVADOR,LIMA ,LIMA,Alumno,9,0,NO,NO,Entre18y25,0.0,PUBL,0
100141249,0,18.0,F,SAN JERÓNIMO,LUYA,AMAZONAS,Apoderado,6,9,SI,NO,MenosDe18,1.0,PRIV,0
100141253,1,19.0,M,SAN JUAN DE MIRAFLORES,LIMA ,LIMA,Alumno,4,8,SI,NO,Entre18y25,1.0,PRIV,1
100141262,0,17.0,M,PUENTE PIEDRA,LIMA ,LIMA,Padre,6,0,NO,NO,MenosDe18,0.0,PRIV,0
100141272,1,17.0,F,LURIN,LIMA ,LIMA,Madre,9,21,SI,NO,MenosDe18,0.0,PRIV,1
100141282,0,17.0,F,SAN MARTÍN DE PORRES,LIMA ,LIMA,Madre,3,3,NO,NO,MenosDe18,0.0,PUBL,0
100141290,0,19.0,F,COMAS,LIMA ,LIMA,Alumno,3,3,NO,NO,Entre18y25,0.0,PRIV,0
100141294,0,21.0,M,CHORRILLOS,LIMA ,LIMA,Alumno,0,0,NO,NO,Entre18y25,1.0,PRIV,0
100141299,0,18.0,M,CALLAO,PROV. CONST. DEL CALLAO,CALLAO,Apoderado,2,0,NO,NO,MenosDe18,0.0,PRIV,0
100141301,0,18.0,F,VILLA EL SALVADOR,LIMA ,LIMA,Madre,6,0,SI,NO,MenosDe18,0.0,PRIV,0
100141302,0,17.0,F,ATE,LIMA ,LIMA,Madre,0,3,NO,NO,MenosDe18,0.0,PRIV,0
100141308,0,18.0,M,LIMA,LIMA ,LIMA,Apoderado,3,0,NO,NO,MenosDe18,0.0,PRIV,0
100141309,0,20.0,M,ATE,LIMA ,LIMA,Alumno,3,3,SI,NO,Entre18y25,0.0,PRIV,1
100141310,0,17.0,F,RÍMAC,LIMA ,LIMA,Madre,3,3,NO,NO,MenosDe18,0.0,PRIV,0
100141331,0,17.0,F,CHORRILLOS,LIMA ,LIMA,Madre,3,3,SI,NO,MenosDe18,0.0,PRIV,0
100141342,0,17.0,M,TACNA,TACNA ,TACNA,Madre,2,2,NO,NO,MenosDe18,0.0,PRIV,0
100141348,0,22.0,M,CARABAYLLO,LIMA ,LIMA,Alumno,2,0,NO,NO,Entre18y25,1.0,PRIV,0
100141372,0,17.0,M,SAN BARTOLO,LIMA ,LIMA,Padre,2,2,NO,NO,MenosDe18,0.0,PRIV,0
100141373,0,18.0,M,VILLA EL SALVADOR,LIMA ,LIMA,Madre,9,0,SI,NO,MenosDe18,0.0,PRIV,1
100141380,0,18.0,F,LOS OLIVOS,LIMA ,LIMA,Madre,3,0,SI,NO,MenosDe18,0.0,PRIV,0
100141382,1,19.0,F,CIENEGUILLA,LIMA ,LIMA,Alumno,12,12,SI,NO,Entre18y25,1.0,PRIV,0
100141400,0,18.0,M,LOS OLIVOS,LIMA ,LIMA,Madre,0,0,NO,NO,MenosDe18,0.0,PRIV,0
100141406,1,17.0,F,SAN MARTÍN DE PORRES,LIMA ,LIMA,Madre,0,12,SI,NO,MenosDe18,1.0,PRIV,1
100141410,1,18.0,F,SAN MIGUEL,LIMA ,LIMA,Apoderado,21,21,SI,SI,MenosDe18,1.0,PRIV,1
100141416,0,19.0,F,ATE,LIMA ,LIMA,Alumno,6,3,NO,NO,Entre18y25,0.0,PRIV,0
100141426,1,18.0,F,VILLA MARÍA DEL TRIUNFO,LIMA ,LIMA,Apoderado,12,18,SI,NO,MenosDe18,1.0,PRIV,1
100141437,0,18.0,F,LOS OLIVOS,LIMA ,LIMA,Apoderado,3,0,NO,NO,MenosDe18,1.0,PRIV,0
100141442,1,25.0,F,VILLA EL SALVADOR,LIMA ,LIMA,Alumno,15,9,SI,NO,Mayor25,1.0,PRIV,1
100141443,1,18.0,M,MALA,CAÑETE ,LIMA,Padre,18,18,SI,SI,MenosDe18,0.0,PRIV,1
100141444,0,17.0,F,BELLAVISTA,PROV. CONST. DEL CALLAO,CALLAO,Madre,6,0,NO,NO,MenosDe18,0.0,PRIV,0
100141447,0,24.0,M,SAN JUAN DE MIRAFLORES,LIMA ,LIMA,Alumno,0,0,NO,NO,Entre18y25,0.0,PRIV,1
100141457,0,18.0,F,COMAS,LIMA ,LIMA,Apoderado,3,0,NO,NO,MenosDe18,0.0,PRIV,0
100141470,0,18.0,F,SAN MARTÍN DE PORRES,LIMA ,LIMA,Madre,3,0,NO,NO,MenosDe18,0.0,PRIV,0
100141481,0,22.0,M,SAN JUAN DE MIRAFLORES,LIMA ,LIMA,Alumno,6,3,NO,NO,Entre18y25,1.0,PRIV,0
100141488,1,18.0,F,COLTA,PÀUCAR DEL SARA SARA,AYACUCHO,Apoderado,3,6,SI,NO,MenosDe18,0.0,PRIV,1
100141490,1,17.0,F,CHORRILLOS,LIMA ,LIMA,Madre,6,12,SI,NO,MenosDe18,0.0,PRIV,1
100141504,0,19.0,F,ANCÓN,LIMA ,LIMA,Alumno,12,3,SI,NO,Entre18y25,0.0,PRIV,1
100141507,0,21.0,F,SAN ANTONIO,HUAROCHIRÍ ,LIMA,Alumno,2,2,NO,NO,Entre18y25,1.0,PRIV,0
100141520,0,24.0,F,ATE,LIMA ,LIMA,Alumno,3,3,NO,NO,Entre18y25,0.0,PRIV,1
100141521,0,18.0,F,SURQUILLO,LIMA ,LIMA,Madre,0,0,NO,NO,MenosDe18,1.0,PRIV,0
100141525,1,18.0,M,VENTANILLA,PROV. CONST. DEL CALLAO,CALLAO,Padre,15,18,SI,NO,MenosDe18,0.0,PUBL,1
100141526,0,19.0,F,VENTANILLA,PROV. CONST. DEL CALLAO,CALLAO,Alumno,3,6,SI,NO,Entre18y25,1.0,PRIV,1
100141529,0,18.0,F,SAN MARTÍN DE PORRES,LIMA ,LIMA,Apoderado,3,3,SI,NO,MenosDe18,0.0,PUBL,0
100141534,1,24.0,M,CHORRILLOS,LIMA ,LIMA,Alumno,4,8,SI,NO,Entre18y25,1.0,PRIV,1
100141548,1,20.0,F,PACHACAMAC,LIMA ,LIMA,Alumno,9,9,SI,NO,Entre18y25,1.0,PRIV,0
100141553,0,18.0,M,VILLA MARÍA DEL TRIUNFO,LIMA ,LIMA,Apoderado,3,0,NO,NO,MenosDe18,0.0,PRIV,0
100141558,0,26.0,F,SAN LUIS,CARLOS FERMÍN FITZCARRALD,ÁNCASH,Alumno,9,6,SI,NO,Mayor25,0.0,PRIV,0
100141559,0,25.0,F,LOS OLIVOS,LIMA ,LIMA,Alumno,3,0,NO,NO,Mayor25,1.0,PRIV,0
100141561,1,20.0,F,SAN MARTÍN DE PORRES,LIMA ,LIMA,Alumno,9,9,SI,NO,Entre18y25,1.0,PUBL,1
100141563,0,17.0,F,SANTIAGO DE SURCO,LIMA ,LIMA,Padre,9,3,SI,NO,MenosDe18,0.0,PRIV,0
100141582,0,18.0,F,VENTANILLA,PROV. CONST. DEL CALLAO,CALLAO,Apoderado,6,6,SI,NO,MenosDe18,0.0,PRIV,1
100141590,0,17.0,M,COMAS,LIMA ,LIMA,Madre,3,0,NO,NO,MenosDe18,0.0,PUBL,0
100141593,0,18.0,F,PUENTE PIEDRA,LIMA ,LIMA,Apoderado,0,0,NO,NO,MenosDe18,0.0,PRIV,0
100141595,1,25.0,M,VENTANILLA,PROV. CONST. DEL CALLAO,CALLAO,Alumno,12,12,SI,SI,Mayor25,1.0,PUBL,1
100141608,1,18.0,F,CHANCAY,HUARAL ,LIMA,Apoderado,6,3,NO,NO,MenosDe18,0.0,PUBL,0
100141609,1,23.0,F,CHORRILLOS,LIMA ,LIMA,Alumno,3,6,NO,NO,Entre18y25,1.0,PUBL,0
100141620,0,19.0,F,PUENTE PIEDRA,LIMA ,LIMA,Alumno,0,0,NO,NO,Entre18y25,1.0,PUBL,0
100141625,0,20.0,F,PUNTA HERMOSA,LIMA ,LIMA,Alumno,2,0,NO,NO,Entre18y25,0.0,PUBL,0
100141634,0,19.0,M,LOS OLIVOS,LIMA ,LIMA,Alumno,3,6,NO,NO,Entre18y25,0.0,PUBL,0
100141640,0,18.0,M,CARABAYLLO,LIMA ,LIMA,Padre,3,3,SI,NO,MenosDe18,0.0,PRIV,0
100141643,0,17.0,F,SAN JUAN DE LURIGANCHO,LIMA ,LIMA,Madre,9,0,SI,NO,MenosDe18,0.0,PRIV,0
100141652,0,19.0,M,SAN MARTÍN DE PORRES,LIMA ,LIMA,Madre,0,0,NO,NO,Entre18y25,0.0,PRIV,0
100141653,0,18.0,F,SAN JUAN DE MIRAFLORES,LIMA ,LIMA,Apoderado,2,0,NO,NO,MenosDe18,0.0,PRIV,0
100141654,0,21.0,F,VILLA EL SALVADOR,LIMA ,LIMA,Alumno,12,3,SI,NO,Entre18y25,1.0,PUBL,1
100141656,0,20.0,F,VILLA EL SALVADOR,LIMA ,LIMA,Alumno,0,3,NO,NO,Entre18y25,1.0,PUBL,0
100141687,0,24.0,F,ATE,LIMA ,LIMA,Alumno,3,0,NO,NO,Entre18y25,0.0,PUBL,0
100141709,1,19.0,F,LOS OLIVOS,LIMA ,LIMA,Alumno,9,6,SI,NO,Entre18y25,1.0,PUBL,1
100141717,0,21.0,M,PUEBLO LIBRE,LIMA ,LIMA,Alumno,6,6,SI,NO,Entre18y25,1.0,PUBL,1
100141718,0,18.0,M,SURQUILLO,LIMA ,LIMA,Padre,6,3,NO,NO,MenosDe18,0.0,PUBL,0
100141722,0,19.0,F,SAN MARTÍN DE PORRES,LIMA ,LIMA,Alumno,0,0,NO,NO,Entre18y25,0.0,PUBL,0
100141726,1,43.0,F,LA VICTORIA,LIMA ,LIMA,Alumno,6,0,NO,NO,Mayor25,1.0,PRIV,1
100141729,1,17.0,M,SAN MARTÍN DE PORRES,LIMA ,LIMA,Madre,18,18,SI,SI,MenosDe18,1.0,PUBL,1
100141744,0,26.0,M,CARABAYLLO,LIMA ,LIMA,Alumno,0,0,NO,NO,Mayor25,0.0,PUBL,1
100141758,0,24.0,M,FRIAS,AYABACA ,PIURA,Alumno,0,0,NO,NO,Entre18y25,0.0,PUBL,0
100141772,0,21.0,F,CARABAYLLO,LIMA ,LIMA,Alumno,3,0,NO,NO,Entre18y25,0.0,PUBL,0
100141789,0,18.0,F,COMAS,LIMA ,LIMA,Apoderado,3,0,NO,NO,MenosDe18,0.0,PUBL,0
100141794,0,18.0,F,CARABAYLLO,LIMA ,LIMA,Madre,3,3,NO,NO,MenosDe18,0.0,PUBL,0
100141813,0,20.0,F,AYACUCHO,HUAMANGA,AYACUCHO,Alumno,2,2,NO,NO,Entre18y25,0.0,PUBL,0
100141814,0,18.0,F,PUENTE PIEDRA,LIMA ,LIMA,Madre,0,0,NO,NO,MenosDe18,0.0,PUBL,0
100141816,0,18.0,F,SAN JUAN DE LURIGANCHO,LIMA ,LIMA,Apoderado,3,3,NO,NO,MenosDe18,1.0,PUBL,0
100141830,1,18.0,M,LOS OLIVOS,LIMA ,LIMA,Apoderado,9,6,SI,NO,MenosDe18,0.0,PUBL,0
100141852,1,18.0,F,LOS OLIVOS,LIMA ,LIMA,Apoderado,18,18,SI,SI,MenosDe18,1.0,PUBL,1
100141853,0,19.0,F,PUEBLO LIBRE,LIMA ,LIMA,Alumno,3,3,SI,NO,Entre18y25,0.0,PUBL,0
100141855,0,18.0,M,PUENTE PIEDRA,LIMA ,LIMA,Madre,0,3,NO,NO,MenosDe18,0.0,PUBL,0
100141856,0,17.0,F,INDEPENDENCIA,LIMA ,LIMA,Padre,3,6,NO,NO,MenosDe18,0.0,PUBL,0
100141858,0,18.0,F,PUEBLO LIBRE,LIMA ,LIMA,Apoderado,6,6,SI,NO,MenosDe18,0.0,PUBL,0
100141861,0,18.0,F,VILLA EL SALVADOR,LIMA ,LIMA,Apoderado,6,0,NO,NO,MenosDe18,0.0,PRIV,0
100141872,0,17.0,M,INDEPENDENCIA,LIMA ,LIMA,Madre,0,3,NO,NO,MenosDe18,0.0,PUBL,0
100141879,0,21.0,F,VILLA MARÍA DEL TRIUNFO,LIMA ,LIMA,Alumno,0,3,SI,NO,Entre18y25,1.0,PUBL,0
100141880,0,18.0,M,COMAS,LIMA ,LIMA,Apoderado,0,0,SI,NO,MenosDe18,0.0,PUBL,0
100141888,0,18.0,F,CASMA,CASMA,ÁNCASH,Padre,0,0,NO,NO,MenosDe18,0.0,PUBL,0
100141894,1,23.0,M,CALLERIA,CORONEL PORTILLO ,UCAYALI,Alumno,9,9,SI,NO,Entre18y25,0.0,PRIV,1
100141896,0,18.0,M,PUENTE PIEDRA,LIMA ,LIMA,Padre,0,0,NO,NO,MenosDe18,0.0,PUBL,0
100141909,0,18.0,M,COMAS,LIMA ,LIMA,Apoderado,0,2,NO,NO,MenosDe18,0.0,PUBL,0
100141914,1,25.0,M,SAN ISIDRO,LIMA ,LIMA,Alumno,6,18,SI,NO,Mayor25,0.0,PUBL,1
100141915,0,19.0,M,CHORRILLOS,LIMA ,LIMA,Alumno,3,3,SI,NO,Entre18y25,0.0,PUBL,0
100141917,0,18.0,F,PUENTE PIEDRA,LIMA ,LIMA,Madre,2,2,NO,NO,MenosDe18,1.0,PUBL,1
100141925,0,18.0,F,SAYAN,HUAURA ,LIMA,Madre,2,2,SI,NO,MenosDe18,0.0,PUBL,0
100141934,1,20.0,M,PUENTE PIEDRA,LIMA ,LIMA,Alumno,12,18,SI,SI,Entre18y25,1.0,PUBL,1
100141935,0,17.0,F,LIMA,LIMA ,LIMA,Padre,2,4,NO,NO,MenosDe18,0.0,PUBL,0
100141942,0,19.0,M,SAN MARTÍN DE PORRES,LIMA ,LIMA,Alumno,0,0,NO,NO,Entre18y25,1.0,PUBL,0
100141944,0,18.0,F,SANTA ROSA DE QUIVES,CANTA ,LIMA,Apoderado,3,3,NO,NO,MenosDe18,1.0,PUBL,0
100141956,0,18.0,F,PUENTE PIEDRA,LIMA ,LIMA,Apoderado,0,0,NO,NO,MenosDe18,0.0,PUBL,0
100141957,1,18.0,M,ATE,LIMA ,LIMA,Madre,9,9,SI,NO,MenosDe18,1.0,PUBL,1
100141961,0,18.0,M,PUNO,PUNO ,PUNO,Apoderado,12,6,SI,NO,MenosDe18,0.0,PUBL,0
100141976,0,20.0,F,LOS OLIVOS,LIMA ,LIMA,Alumno,3,3,SI,NO,Entre18y25,1.0,PUBL,0
100141977,0,18.0,F,VILLA EL SALVADOR,LIMA ,LIMA,Padre,6,3,SI,NO,MenosDe18,0.0,PUBL,0
100141980,1,19.0,F,INDEPENDENCIA,LIMA ,LIMA,Alumno,15,12,SI,SI,Entre18y25,1.0,PUBL,1
100141982,0,17.0,F,PUENTE PIEDRA,LIMA ,LIMA,Madre,9,6,SI,NO,MenosDe18,0.0,PUBL,0
100141986,1,17.0,M,HUARAL,HUARAL ,LIMA,Madre,9,12,SI,NO,MenosDe18,0.0,PUBL,1
100142005,0,17.0,F,SAN JUAN DE MIRAFLORES,LIMA ,LIMA,Madre,0,0,NO,NO,MenosDe18,1.0,PUBL,0
100142011,0,23.0,F,HUARAL,HUARAL ,LIMA,Alumno,3,0,SI,NO,Entre18y25,1.0,PUBL,1
100142025,0,18.0,F,PUENTE PIEDRA,LIMA ,LIMA,Madre,3,3,NO,NO,MenosDe18,0.0,PUBL,0
100142051,0,25.0,F,ATE,LIMA ,LIMA,Alumno,6,0,NO,NO,Mayor25,0.0,PUBL,0
100142069,0,18.0,F,LA VICTORIA,LIMA ,LIMA,Madre,4,0,NO,NO,MenosDe18,0.0,PUBL,0
100142077,0,17.0,M,MALA,CAÑETE ,LIMA,Padre,3,0,NO,NO,MenosDe18,0.0,PUBL,0
100142130,0,19.0,M,CARABAYLLO,LIMA ,LIMA,Alumno,0,0,NO,NO,Entre18y25,0.0,PUBL,0
100142131,0,17.0,M,VILLA MARÍA DEL TRIUNFO,LIMA ,LIMA,Madre,0,0,NO,NO,MenosDe18,0.0,PUBL,0
100142137,1,24.0,M,SAN JUAN DE LURIGANCHO,LIMA ,LIMA,Alumno,18,18,SI,SI,Entre18y25,1.0,PUBL,1
100142138,0,22.0,F,CALLAO,PROV. CONST. DEL CALLAO,CALLAO,Alumno,6,0,SI,NO,Entre18y25,1.0,PUBL,0
100142144,1,19.0,F,LOS OLIVOS,LIMA ,LIMA,Alumno,9,12,SI,NO,Entre18y25,1.0,PUBL,1
100142154,0,20.0,M,SAN MARTÍN DE PORRES,LIMA ,LIMA,Alumno,0,0,NO,NO,Entre18y25,0.0,PUBL,0
100142162,0,18.0,M,VENTANILLA,PROV. CONST. DEL CALLAO,CALLAO,Apoderado,2,0,NO,NO,MenosDe18,0.0,PUBL,0
100142163,0,19.0,F,CARABAYLLO,LIMA ,LIMA,Alumno,6,0,SI,NO,Entre18y25,0.0,PUBL,0
100142165,0,20.0,F,LIMA,LIMA ,LIMA,Alumno,0,2,NO,NO,Entre18y25,0.0,PUBL,0
100142187,1,30.0,F,SANTA ANITA,LIMA ,LIMA,Alumno,18,18,SI,SI,Mayor25,1.0,PUBL,1
100142230,0,21.0,F,SAN JUAN DE LURIGANCHO,LIMA ,LIMA,Alumno,3,0,NO,NO,Entre18y25,0.0,PUBL,1
100142231,0,20.0,M,CHORRILLOS,LIMA ,LIMA,Alumno,3,6,SI,NO,Entre18y25,0.0,PUBL,0
100142232,0,27.0,F,VILLA MARÍA DEL TRIUNFO,LIMA ,LIMA,Alumno,3,0,NO,NO,Mayor25,0.0,PUBL,0
100142241,0,17.0,M,COMAS,LIMA ,LIMA,Madre,3,0,SI,NO,MenosDe18,1.0,PRIV,1
100142284,0,17.0,F,ATE,LIMA ,LIMA,Padre,0,3,SI,NO,MenosDe18,0.0,PUBL,0
100142329,0,18.0,F,CARABAYLLO,LIMA ,LIMA,Madre,6,3,SI,NO,MenosDe18,0.0,PUBL,0
100142331,1,20.0,F,LA VICTORIA,LIMA ,LIMA,Alumno,9,9,SI,NO,Entre18y25,0.0,PUBL,0
100142333,0,18.0,F,ATE,LIMA ,LIMA,Apoderado,6,0,SI,NO,MenosDe18,0.0,PUBL,1
100142347,0,18.0,M,SAN MARTÍN DE PORRES,LIMA ,LIMA,Madre,3,3,SI,NO,MenosDe18,0.0,PUBL,0
100142350,0,23.0,M,VILLA EL SALVADOR,LIMA ,LIMA,Alumno,3,3,SI,NO,Entre18y25,1.0,PUBL,1
100142356,1,27.0,F,SAN JUAN DE MIRAFLORES,LIMA ,LIMA,Alumno,12,18,SI,NO,Mayor25,1.0,PRIV,1
100142361,0,23.0,F,INDEPENDENCIA,LIMA ,LIMA,Alumno,0,0,NO,NO,Entre18y25,1.0,PRIV,1
100142362,1,22.0,F,SAN JUAN DE LURIGANCHO,LIMA ,LIMA,Alumno,12,12,SI,SI,Entre18y25,1.0,PRIV,1
100142369,1,17.0,M,PUENTE PIEDRA,LIMA ,LIMA,Madre,18,18,SI,SI,MenosDe18,1.0,PRIV,1
100142373,0,19.0,M,SAN MARTÍN DE PORRES,LIMA ,LIMA,Alumno,0,3,NO,NO,Entre18y25,0.0,PRIV,0
100142374,0,19.0,F,CHORRILLOS,LIMA ,LIMA,Alumno,0,6,NO,NO,Entre18y25,0.0,PRIV,1
100142388,0,18.0,F,ATE,LIMA ,LIMA,Madre,0,0,NO,NO,MenosDe18,0.0,PRIV,0
100142390,0,28.0,F,VILLA EL SALVADOR,LIMA ,LIMA,Alumno,6,0,NO,NO,Mayor25,0.0,PRIV,1
100142401,1,19.0,F,CARABAYLLO,LIMA ,LIMA,Alumno,12,18,SI,SI,Entre18y25,0.0,PRIV,1
100142411,0,19.0,M,SANTA ANITA,LIMA ,LIMA,Alumno,6,3,SI,NO,Entre18y25,0.0,PRIV,0
100142446,1,18.0,F,VILLA EL SALVADOR,LIMA ,LIMA,Madre,12,18,SI,NO,MenosDe18,1.0,PRIV,1
180000324,1,17.0,M,CHORRILLOS,LIMA,LIMA,Apoderado,2,1,NO,SI,MenosDe18,1.0,PRIV,1
180000558,1,17.0,M,VILLA EL SALVADOR,LIMA,LIMA,Apoderado,0,6,NO,NO,MenosDe18,0.0,PRIV,0
180000790,0,17.0,M,VILLA EL SALVADOR,LIMA,LIMA,Apoderado,0,0,NO,NO,MenosDe18,1.0,PRIV,0
4200710473,0,17.0,M,CHORRILLOS,LIMA,LIMA,Apoderado,0,0,NO,NO,MenosDe18,1.0,PRIV,1
4200810288,1,17.0,M,COMAS,LIMA,LIMA,Apoderado,0,1,NO,NO,MenosDe18,0.0,PRIV,1
